Level,Time,InternalResistance,StartingInternalResistance,Voltage,Current,Temp,AccelX,AccelY,AccelCombined,Speed,Distance
1,0,0.5348209449266379,0.6,6.235482674651066,0.22348680838508092,25.00044697361677,0.04231610336117632,-0.00977277879876411,0.0434299413898215,0.02364052345967664,0.02364052345967664
1,1,0.6151921667820012,0.6,6.236208587629078,0.18621172555841692,25.00081939706789,0.014577267540897009,0.014542735069629751,0.02059096579241315,0.03677735528896487,0.06041787874864151
1,2,0.5579326191234828,0.6,6.241567242875428,0.19551670296580043,25.001210430473822,0.024873432454149507,-0.0020515826376580086,0.024957897214514642,0.046709997011538315,0.10712787576017982
1,3,0.9306105119464331,0.6,6.204406711416601,0.15755582044452843,25.001525542114713,0.013104039303950241,-0.00742165020406442,0.015059772170619387,0.0511696743268935,0.1582975500870733
1,4,0.5949539704369139,0.6,6.177925518258757,0.28831608681211873,25.002102174288336,0.0389083709507713,0.01469358769900285,0.04159041776071878,0.07475025313408022,0.23304780322115354
1,5,0.6657267491406761,0.6,6.207693345488319,0.2075848992651319,25.002517344086865,-0.0034046725497003856,0.0015634896910398006,0.0037465043953892616,0.07482470207764136,0.3078725052987949
1,6,0.6228470461821006,0.6,6.162589429255303,0.2994400573275624,25.00311622420152,0.0003349069488421449,-0.014200179371789752,0.014204128162452841,0.08564513867715443,0.39351764397594935
1,7,0.6275536083855572,0.6,6.148294496816462,0.31918743258084137,25.00375459906668,-0.03215516937446483,0.007774903558319101,0.03308177810882728,0.06601792290318886,0.4595355668791382
1,8,0.6824175683553386,0.6,6.19528865727625,0.22800335249979353,25.004210605771682,-0.021848822141587135,-0.011806321841224121,0.024834658531843638,0.04927715213729046,0.5088127190164287
1,9,0.5948457440862372,0.6,6.253737836924435,0.16265417920538008,25.00453591413009,-0.005552758433925231,-0.003627411659871381,0.006632589356782058,0.05006761464017487,0.5588803336566035
1,10,0.6842927001037609,0.6,6.2376541160341885,0.1601382638748699,25.00485619065784,-0.003957104519239469,-0.004017809362082619,0.005639279053764245,0.04433624869839787,0.6032165823550014
1,11,0.6949633103852233,0.6,6.216573052196848,0.1921349675258119,25.00524046059289,-0.007444702717724864,0.0012898291075741067,0.007555611006533184,0.02960064035889764,0.6328172227138991
1,12,0.5497826509520649,0.6,6.246721414437036,0.18554236397752494,25.005611545320846,0.005725971317724425,-0.005788496647644155,0.008142078418388661,0.04403458316844088,0.67685180588234
1,13,0.7711167182580786,0.6,6.240447348726834,0.1437494240958301,25.005899044169038,0.0031376407591867835,-0.015362436862772237,0.015679580858440494,0.042515599530323064,0.719367405412663
1,14,0.5167274115712986,0.6,6.1999561615377585,0.2893657164757236,25.00647777560199,0.005923435769818266,0.010544517269311366,0.012094376203920901,0.059146561515246755,0.7785139669279098
1,15,0.5894052941403579,0.6,6.23141671878039,0.2045813013019115,25.006886938204595,-0.00038276164951245263,0.007065731681919481,0.007076091483383903,0.05520013589399028,0.8337141028219001
1,16,0.5913421600336519,0.6,6.232410689059615,0.2002125879907615,25.007287363380577,0.019416493588371723,-0.013477590611424464,0.02363568640755832,0.055785122511799456,0.8894992253336995
1,17,0.727156954252963,0.6,6.195852572360794,0.21780826589487098,25.007722979912366,-0.016419552043634756,-0.007474548114407578,0.018040802610422412,0.04350176027576218,0.9330009856094617
1,18,0.4896392897248585,0.6,6.199690063584048,0.3127685260408063,25.008348516964446,0.012266987386680602,0.019100649530990336,0.02270052404793119,0.06438100451298981,0.9973819901224514
1,19,0.5056573572479237,0.6,6.246445715700867,0.20416553942434587,25.008756848043294,0.003022659542648018,0.009222066715665268,0.009704791868914155,0.06126287035217702,1.0586448604746284
1,20,0.5793738318463157,0.6,6.2503626617878965,0.17600350282704033,25.009108855048947,-0.0033077103209750622,-0.0014963454032767077,0.003630426577331138,0.06490083862851562,1.123545699103144
1,21,0.5459457439993699,0.6,6.224658809160156,0.23131180996682188,25.00957147866888,-0.0125407801245211,0.005392491912918173,0.013651012239481414,0.06005921924844768,1.1836049183515918
1,22,0.6733440997559734,0.6,6.222681401278439,0.191002795256638,25.009953484259395,-0.0009833403652691197,-0.0020829875557799487,0.0023034312300352555,0.053309970717029156,1.236914889068621
1,23,0.7828143467558325,0.6,6.219877527159582,0.167162201643843,25.01028780866268,0.006295805008638827,0.006350314368921064,0.008942239836356832,0.057939040771942694,1.2948539298405637
1,24,0.6628836712014322,0.6,6.119925269300831,0.3530304769838097,25.010993869616648,0.01087846956632994,-0.0046158460481470895,0.01181723888417941,0.08197658444338785,1.3768305142839514
1,25,0.6497247220202921,0.6,6.180988755471519,0.2568602468125183,25.011507590110273,-0.00386459974183942,-0.006634782863621074,0.0076782468579764465,0.07909650994580275,1.4559270242297542
1,26,0.6866577406633201,0.6,6.175795818565939,0.2520913473097306,25.012011772804893,0.0043763837195617454,0.019295320538169857,0.019785401919889437,0.08845321817228755,1.5443802424020416
1,27,0.6975015520629416,0.6,6.1603714906615075,0.2751996649364809,25.012562172134768,-0.003353267221866794,-0.015447710967776116,0.015807472132039226,0.0951021044243164,1.639482346826358
1,28,0.5428295445652905,0.6,6.185336972402754,0.30513367345476944,25.01317243948168,0.01693839360011829,-0.006510255933001469,0.018146421412105172,0.10347219190540777,1.7429545387317658
1,29,0.6441721568863695,0.6,6.14514467651556,0.31464521700160436,25.01380172991568,-0.019244972643558855,0.0001747915902505673,0.01924576639553102,0.08878254429702234,1.831737083028788
1,30,0.6364579723853638,0.6,6.205535245931904,0.2193206433523955,25.014240371202387,-0.00016587903196519857,-0.016020576556067475,0.01602143529906308,0.08236435075478526,1.9141014337835733
1,31,0.6732960252673496,0.6,6.181841054969726,0.2556128085040791,25.014751596819394,-0.026208837566997517,0.0026705086934918293,0.026344539914283486,0.06908408228502223,1.9831855160685956
1,32,0.5362518594785999,0.6,6.259239530902103,0.16871000384755205,25.01508901682709,0.006416669101359494,0.008235041539637314,0.0104398061052825,0.06778284587424506,2.0509683619428407
1,33,0.6182150740236987,0.6,6.127651498196213,0.3582747750748947,25.01580556637724,0.03185067086425353,0.006552637307225978,0.032517722709056035,0.08863692077962745,2.139605282722468
1,34,0.5948341958386945,0.6,6.217694627739543,0.21969808295413043,25.016244962543148,0.006336869173445558,-0.0009815038964295793,0.006412430180522126,0.09217454396264063,2.2317798266851088
1,35,0.5395448784437914,0.6,6.196596282229135,0.2818837950217403,25.016808730133192,-0.0035601278745206483,-0.004100496932025485,0.0054303393607112,0.09805887864730249,2.329838705332411
1,36,0.4294673597647855,0.6,6.235808738204373,0.26562906801574054,25.017339988269224,-0.013535542008272426,-0.0034598177569938643,0.01397072783964091,0.09408278664395783,2.423921491976369
1,37,0.7139565497392785,0.6,6.156027308913534,0.2719279179959551,25.017883844105217,-0.00647917303120297,0.0023218103620027577,0.006882622067596859,0.08603854823310111,2.50996004020947
1,38,0.7122494892918956,0.6,6.175688956774125,0.24304970841037332,25.01836994352204,-0.014005630273130917,0.004160500462614255,0.014610525091421411,0.07746153272013738,2.5874215729296073
1,39,0.4645476611742001,0.6,6.223607114742722,0.26047096024517324,25.01889088544253,-0.009045390282451857,0.006769080350302456,0.011297766777143406,0.06415355512990452,2.6515751280595117
1,40,0.6109559227488147,0.6,6.2329038776809975,0.19073085127877132,25.019272347145087,-0.009879855458983965,-0.016760038063299766,0.019455344247112986,0.057363829361391776,2.7089389574209033
1,41,0.6458475014993708,0.6,6.172435579088697,0.2688285595453641,25.019810004264176,0.01699758147621961,-0.005757879698130661,0.0179463354102967,0.0691507620730838,2.778089719493987
1,42,0.532366404231686,0.6,6.252563088750667,0.1854461437845616,25.020180896551746,-0.006751518358736426,-0.013833639553950554,0.01539326422358105,0.06965521749898321,2.8477449369929704
1,43,0.6893221760749619,0.6,6.175081170994404,0.25190273974985794,25.020684702031247,-0.02275804610775422,-0.0005256729626954629,0.022764116383167082,0.05286031177573407,2.9006052487687044
1,44,0.5522503089581173,0.6,6.231212210559407,0.21544268319546012,25.021115587397638,-0.02175769095302319,0.0009740016626878341,0.02177948105089251,0.034211482539695595,2.9348167313084
1,45,0.2448740546663455,0.6,6.3237444563442855,0.10895631636788039,25.021333500030373,4.5229378561542286e-05,-0.003909533751876011,0.003909795372361932,0.04078079774212734,2.9755975290505274
1,46,0.8497708558508485,0.6,6.203033381025257,0.17725488269852144,25.02168800979577,0.005753931426954424,0.010201727117157998,0.011712513096643716,0.04764013574140649,3.023237664791934
1,47,0.5764249463215912,0.6,6.239890064543636,0.19306134872368264,25.022074132493216,-0.016137045713454107,0.012111452896827008,0.020176509500658604,0.041955623689421934,3.065193288481356
1,48,0.6520645867051638,0.6,6.204918344664178,0.22086650690498366,25.022515865507025,0.03174178625324511,-0.010600158227215472,0.03346497197053517,0.050658242965827625,3.1158515314471837
1,49,0.5946820077643609,0.6,6.246756333098013,0.1753302770938071,25.02286652606121,-0.004419811595994722,0.0037005588784751876,0.005764448851117594,0.050232921662461655,3.1660844531096455
1,50,0.6039455753641989,0.6,6.215700235716577,0.21989413896808507,25.02330631433915,-0.005424729863280188,-0.004607197873885533,0.007117159991084875,0.03814436097886233,3.204228814088508
1,51,0.493940364338812,0.6,6.284180202487294,0.13282543427751484,25.023571965207704,-0.012494036408598159,0.010777438059762627,0.016500124754419174,0.026987340166948558,3.2312161542554563
1,52,0.6689061978106581,0.6,6.2743451428627415,0.11326210158938749,25.023798489410883,-0.008388706617168082,-0.0028688719238990764,0.008865710621526959,0.019020348062686265,3.2502365023181428
1,53,0.7223910164262535,0.6,6.26944801294358,0.11026649880897334,25.0240190224085,0.006226864750014294,-0.00890915082995528,0.010869536012446135,0.022502049235461164,3.272738551553604
1,54,0.6506644785042751,0.6,6.2795089440798595,0.11222952599477243,25.024243481460488,-0.01487076027401699,0.009432607249694948,0.017610042324034306,0.014678291720006512,3.2874168432736104
1,55,0.47738477631772047,0.6,6.281701421432296,0.13960606352625798,25.02452269358754,-0.014587668209921741,0.006063195243593808,0.015797544124473904,0.02668234589005218,3.3140991891636626
1,56,0.7048180946033172,0.6,6.243280900673434,0.1550648022863699,25.02483282319211,-0.003542046430222323,-0.004533858038513877,0.005753430422560753,0.012455205466669768,3.326554394630332
1,57,0.7519046400764912,0.6,6.306981215648756,0.057000552842318516,25.024946824297796,-0.005770832100870654,0.0015670385527236396,0.005979808773042947,0.010331308809715967,3.336885703440048
1,58,0.6855622432037586,0.6,6.242964944261762,0.15292029543351573,25.02525266488866,0.024397402577341902,-0.006894491845499376,0.02535285526974322,0.021083392906033158,3.357969096346081
1,59,1.0064506981625954,0.6,6.259356513735324,0.08963682543590462,25.025431938539533,-0.007427833430032985,0.006203582983435125,0.009677662491360269,0.01845211761607965,3.3764212139621606
1,60,0.4904176356596716,0.6,6.269663864810201,0.16495517112014246,25.025761848881775,0.010982538613439848,0.00160928168298223,0.011099817202588489,0.029591477345545045,3.406012691307706
1,61,0.6377435773203618,0.6,6.279109617831415,0.1092261857178416,25.02598030125321,0.003938734382794462,-0.009931236109295806,0.010683776448278398,0.030725794675176547,3.4367384859828825
1,62,0.5996125628688851,0.6,6.239468769657202,0.18586854995966506,25.026352038353128,0.017776877823847986,-0.01570623408633453,0.023721365355703176,0.04206952784839525,3.478808013831278
1,63,0.8264721509898468,0.6,6.2244955220646485,0.1525706025778439,25.026657179558285,-0.022831631840501136,-0.010225068436356035,0.025016703160655476,0.04179353830191601,3.520601552133194
1,64,0.7553417921477055,0.6,6.2607489234213975,0.11590143637486489,25.026888982431036,0.018688301010285874,0.0016422775548733395,0.01876032169815573,0.04400048999012629,3.56460204212332
1,65,0.6221564796500196,0.6,6.232256892368927,0.18445745442654793,25.02725789733989,0.004354480152035437,-0.0076149221181162335,0.008772031478480135,0.05127334376964036,3.6158753858929606
1,66,0.48708584616481115,0.6,6.234412338950995,0.24153205893414748,25.02774096145776,0.0034653654967294664,-0.011158969859603945,0.011684663724449769,0.060725248635599686,3.6766006345285605
1,67,0.7561893073244828,0.6,6.17558816961193,0.2317351022908814,25.028204431662342,0.015739305177769555,0.0005892558918162996,0.015750331742061936,0.06831935558849057,3.744919990117051
1,68,0.7700495946871864,0.6,6.2139494110698426,0.17853315823148147,25.028561497978806,-0.00577361671665956,-0.002334666615436927,0.006227785978670625,0.0656368833195481,3.810556873436599
1,69,0.5776732620593306,0.6,6.17003142790346,0.31230845353693565,25.02918611488588,0.03196347214489425,0.017195893074161944,0.036295485809883316,0.08240040685678462,3.8929572802933836
1,70,0.7531133890009626,0.6,6.14260971144867,0.2758303785453455,25.02973777564297,0.005753940887179779,0.0009395322938556872,0.005830142079259901,0.08945541728590145,3.982412697579285
1,71,0.6545698083430932,0.6,6.206906723786322,0.219511725240457,25.030176799093454,0.001816463684107407,-0.014169061131262595,0.014285021304049128,0.09594033643053648,4.0783530340098215
1,72,0.6717563012934723,0.6,6.160725516855472,0.2830873195593957,25.030742973732572,0.013311458346412263,5.2926462993608534e-05,0.013311563564012821,0.10103593765645079,4.179388971666272
1,73,0.6165408317201398,0.6,6.173524545128839,0.28095145869678906,25.031304876649966,0.003042746598948762,0.0019429293804577167,0.0036101636310366964,0.10493799192511567,4.284326963591388
1,74,0.5585254197575288,0.6,6.186692992058008,0.287425533444019,25.031879727716852,-0.003561763134913511,-0.0011038929902688775,0.0037289055181371493,0.10920252034847741,4.393529483939865
1,75,0.574824961557053,0.6,6.160536842105846,0.3312096074675421,25.03254214693179,-0.012077495422538435,0.020210435614847973,0.02354416283122745,0.09373598367377953,4.4872654676136445
1,76,0.5811784453212783,0.6,6.223408086510718,0.21762986237868565,25.032977406656546,-0.013237430672149941,-0.009788298593587699,0.01646330343999062,0.08567374342673362,4.572939211040378
1,77,0.6650285416035735,0.6,6.192432427515204,0.2458520641199082,25.033469110784786,-0.016564313377026324,-0.007931173627076717,0.01836518425595481,0.07871447386603878,4.6516536849064165
1,78,0.7352531376130406,0.6,6.137632919808351,0.28673157939275573,25.034042573943573,-0.027514353132354733,-0.0070972796584688825,0.028414978564877274,0.053956826079289616,4.705610510985706
1,79,0.5043198774594667,0.6,6.19413102803531,0.3037528491512022,25.034650079641874,0.029278984811761832,0.004960009463439622,0.0296961385618533,0.07194987024590577,4.777560381231612
1,80,0.6656288962066267,0.6,6.175751520499191,0.26012202430271203,25.03517032369048,0.015145032575462389,-0.02655619092974933,0.030571282086447035,0.07846894270808365,4.856029323939696
1,81,0.6051441885641706,0.6,6.162482781235924,0.3110052325847848,25.035792334155648,0.0029870337218339225,-0.0034994336458910474,0.00460091363724286,0.09175532926300733,4.947784653202703
1,82,0.42767005983280415,0.6,6.2153671183529555,0.31426227116386013,25.036420858697976,0.0012417807878529656,-0.005142339659399888,0.005290149024150236,0.09958263971891033,5.047367292921614
1,83,0.5732644426126507,0.6,6.1836401091042665,0.2900242324932977,25.037000907162962,-0.0031752142681066957,-0.0023421580134453655,0.003945591186163955,0.08544395699414566,5.132811249915759
1,84,0.7279647567487337,0.6,6.180955758800739,0.22731925112428542,25.03745554566521,-0.017810481530777078,0.013014280716647609,0.022058666209221655,0.07942505476974546,5.212236304685505
1,85,0.6736646969921439,0.6,6.152103723929615,0.28542007163082395,25.03802638580847,0.00040953405058392466,0.0017581895329602801,0.0018052558191012057,0.08643515202167021,5.298671456707176
1,86,0.5955786386881365,0.6,6.199545517421412,0.2602334599912202,25.038546852728455,0.00011733073744804893,-0.009130792180417964,0.00913154599966139,0.08877853956860146,5.387449996275778
1,87,0.573101268470051,0.6,6.193533703033278,0.2688477603107074,25.039084548249075,-0.010322611476451912,0.014123277060374431,0.017493520589574738,0.06908850345679698,5.4565384997325745
1,88,0.764403598475834,0.6,6.1376445921563345,0.2792722111173841,25.03964309267131,-0.012356013756009131,0.0006485610634357618,0.012373023373116685,0.044483784058851256,5.501022283791426
1,89,0.6306811510043567,0.6,6.248170238418224,0.16099475444592964,25.0399650821802,-0.01327423854559419,-0.001098827793093138,0.013319640816636629,0.03323851392092374,5.534260797712349
1,90,0.6536038859558055,0.6,6.269570284334846,0.12598219844624825,25.04021704657709,0.000964494865584138,-0.004438360931551978,0.004541948712223103,0.03804946301793305,5.572310260730283
1,91,0.4511353093614574,0.6,6.274174920111909,0.1657544198564277,25.040548555416805,0.01461631245987494,0.0009632135592119683,0.014648015916339836,0.051026489753282125,5.623336750483564
1,92,0.6749112588287455,0.6,6.205066298308719,0.21895531009998737,25.040986466037005,-0.013319705954536076,0.0002033418170524325,0.013321257996520675,0.061348521970157846,5.684685272453722
1,93,0.396712229785671,0.6,6.271240396362199,0.19830789544510546,25.041383081827895,-0.011663409451793177,-0.017815628557055915,0.021293936717365455,0.04773441554685086,5.732419688000572
1,94,0.5638329010975113,0.6,6.25654016774056,0.16759164353617353,25.041718265114966,-0.00597760915345628,0.005270042084546597,0.007969012157374122,0.04167052740421882,5.774090215404791
1,95,0.6024426720119358,0.6,6.265935147664268,0.1413416112898917,25.042000948337545,0.012269564593280154,-0.003638588099707899,0.012797716150470363,0.048041293790153775,5.822131509194945
1,96,0.6294952135724597,0.6,6.26080040029491,0.14429753245710208,25.04228954340246,-0.026378435469225078,-0.00659891729729498,0.027191314188553126,0.04118089933574472,5.863312408530689
1,97,0.6580660425292453,0.6,6.232948231932678,0.1766092925598261,25.04264276198758,-0.011685610187208702,0.004453932508947973,0.012505638737851793,0.031664784847902507,5.894977193378591
1,98,0.4092276340687938,0.6,6.32745954942855,0.05567781399866634,25.042754117615576,-0.0032857787495987507,-0.010840366206719345,0.01132739517661044,0.03057441638161589,5.925551609760207
1,99,0.6551691306222627,0.6,6.242225706517277,0.16395605971450747,25.043082029735004,-0.0028412055565912187,-0.0017858909208732915,0.003355868798994155,0.03703477585026788,5.962586385610475
2,0,0.851331955896872,0.6,6.285591923978627,0.07586784367481075,25.00015173568735,-0.0175639226135138,-0.005900576458695397,0.01852857739057189,0.0,0.0
2,1,0.5714593114176517,0.6,6.296471910218002,0.09305174540799979,25.000337839178165,-0.006528456028751583,-0.013032427541123158,0.01457617596401636,0.010895105949340723,0.010895105949340723
2,2,0.6167047824288041,0.6,6.222301929205848,0.2084331633309211,25.00075470550483,0.019200125879016705,0.0032962298212773807,0.019481015497267214,0.02785679619522832,0.03875190214456904
2,3,0.5373809487680093,0.6,6.225473566096153,0.2300927475851319,25.001214891,0.019831571108763695,-0.0030224973045507005,0.020060575829172183,0.049930956646508415,0.08868285879107746
2,4,0.5919549412476347,0.6,6.264791171002045,0.14812602163851069,25.001511143043277,0.002694102964248749,-1.385042735095726e-05,0.002694138566650145,0.05318638981524473,0.1418692486063222
2,5,0.5359907290570523,0.6,6.26656442246384,0.15459817676140056,25.0018203393968,-0.0047296697636111185,0.004032645401632468,0.006215464987281703,0.05299476046215362,0.1948640090684758
2,6,0.5162192129775036,0.6,6.265319621125791,0.16847802469906215,25.0021572954462,-0.0033833438171752854,0.013675972398067136,0.014088265912379437,0.050515236717747804,0.2453792457862236
2,7,0.6935530206207516,0.6,6.174348681580523,0.25215424697935707,25.002661603940158,0.02758193011898894,-0.000722870075600049,0.027591401019792152,0.0678078119107882,0.31318705769701183
2,8,0.5505954326818855,0.6,6.224324555124756,0.21902255772551774,25.00309964905561,0.002384249495270182,0.005200406145708678,0.005720915113512934,0.0670204551431315,0.3802075128401433
2,9,0.5922875282673189,0.6,6.201106424119327,0.24591343950368807,25.003591475934616,0.0038470009981933537,-0.009456157955562913,0.010208738411804684,0.07457449617352939,0.4547820090136727
2,10,0.5529037595136784,0.6,6.246104460928251,0.18824220154090343,25.003967960337697,-0.009266512352103799,-0.006493379277303882,0.011315132593593933,0.06978963744823267,0.5245716464619053
2,11,0.7675983408851174,0.6,6.163113202153951,0.24467080589345064,25.004457301949483,-0.0006703145352156131,-0.018845858449794476,0.01885777564522951,0.07457644265319488,0.5991480891151002
2,12,0.5844741190761716,0.6,6.219005446687124,0.22564124071456115,25.00490858443091,-0.024304490823736927,0.010170209914132446,0.02634656417635192,0.059661767556235805,0.658809856671336
2,13,0.6483121693700404,0.6,6.146717422076818,0.31909087427836513,25.005546766179467,0.027817615166170866,0.008674074113549179,0.029138621711750943,0.07992542576577329,0.7387352824371093
2,14,0.320659988049581,0.6,6.295837040786714,0.16083129940493046,25.005868428778278,-0.0029148600448948548,0.023807453512197502,0.023985229867915996,0.07736824643948065,0.8161035288765899
2,15,0.6908156490086537,0.6,6.153929654943348,0.2767040227816957,25.00642183682384,0.0022419149990001294,0.010907497344345,0.011135514410193854,0.08493718935827632,0.9010407182348662
2,16,0.5914381710642649,0.6,6.231386450753489,0.20428815840901754,25.00683041314066,-0.01440561540303445,-0.012105429941233517,0.018816566881401514,0.08498097594597559,0.9860216941808417
2,17,0.6029048160092598,0.6,6.201690976635814,0.2550090898052667,25.00734043132027,0.004979667118619937,-0.00035095176869670385,0.0049920188056753086,0.08059618580628437,1.0666178799871262
2,18,0.6493211887428081,0.6,6.136965314668438,0.33156043046902084,25.008003552181208,0.009627893261648392,-0.002903971008038668,0.010056310271328328,0.0971873456065436,1.1638052255936697
2,19,0.6410854390633793,0.6,6.123179547284437,0.3512627082812175,25.008706077597772,0.0257769982548122,-0.005525406734167292,0.026362544615544468,0.11274643800546907,1.2765516635991387
2,20,0.5827549268991611,0.6,6.1888482630715504,0.2747170780254257,25.00925551175382,-0.019161712758778746,-0.008871809418450402,0.0211158764489483,0.1096030857364157,1.3861547493355544
2,21,0.5549112036583955,0.6,6.17489118716535,0.31893715612805235,25.00989338606608,-0.013341782161350051,-0.008157915419939713,0.015638245913139,0.10131488674770975,1.4874696360832642
2,22,0.3704925177233507,0.6,6.255216708520688,0.24121216551841965,25.010375810397115,0.0024334206593935453,-0.012845522979925273,0.013073981670988817,0.0981082220563652,1.5855778581396294
2,23,0.6890454961629116,0.6,6.185761457499084,0.2344766054187716,25.010844763607953,0.01869560441683714,-0.00132988422309592,0.018742844409472638,0.09925396493578176,1.6848318230754111
2,24,0.6064513937899954,0.6,6.184384431610347,0.2763709244682981,25.011397505456888,-0.023824984997737338,0.003036039044620014,0.024017648578136586,0.09367154649742272,1.7785033695728338
2,25,0.5845578250065501,0.6,6.1929860957555505,0.276629683221525,25.011950764823332,0.010211216687734517,0.008214059370248113,0.013104950117487236,0.10403134021870426,1.8825347097915381
2,26,0.5816967607764759,0.6,6.169576998778209,0.3020305598558677,25.012554825943045,0.0037895401102134114,0.002656879749662359,0.004628133992343155,0.11233391069994293,1.9948686204914812
2,27,0.5454862230919306,0.6,6.165713658016945,0.3311433609765299,25.013217112665,0.006980641121834972,0.00019279384513077216,0.006983302939052102,0.12033152456732663,2.115200145058808
2,28,0.6242266875106471,0.6,6.090648245591458,0.4156190360810974,25.014048350737163,0.009271625561364264,0.0019275384906521618,0.009469870388927656,0.13879428457739032,2.2539944296361982
2,29,0.6006245482222896,0.6,6.163817092939185,0.3083519600635618,25.01466505465729,-0.021854213643881442,-0.0006713415461452177,0.02186452271292457,0.1332643039541887,2.3872587335903868
2,30,0.5575785604535735,0.6,6.109083791383919,0.4219245874511732,25.015508903832192,0.018336112914548158,0.0014844958138007808,0.01839610732291622,0.14683143317951464,2.5340901667699014
2,31,0.6730148981216219,0.6,6.10058442413935,0.37036660225095575,25.016249637036694,-0.004971399538858809,-0.000500840942848221,0.004996564322111612,0.1494387422449075,2.683528909014809
2,32,0.6328218739329862,0.6,6.086292226843216,0.41088054231316207,25.01707139812132,-0.01117201942807352,-0.010770990694039948,0.015518642293459416,0.13752085875139844,2.8210497677662074
2,33,0.5213993816866583,0.6,6.182360291927527,0.3264385822504431,25.017724275285822,-0.006573414084122448,-0.003912170521740163,0.0076495000433042725,0.13152213985192993,2.9525719076181374
2,34,0.5734519596238418,0.6,6.132592790233121,0.3789470964342246,25.01848216947869,-0.008625338117156182,-0.0011246598255955271,0.008698351416134894,0.13977910201248805,3.0923510096306255
2,35,0.5378808614034798,0.6,6.151616206055368,0.36436773767419206,25.01921090495404,-0.0026189570505689673,0.017358789976857133,0.01755524210865121,0.13247629261914856,3.224827302249774
2,36,0.646022579412515,0.6,6.109529109391015,0.37236528944262115,25.019955635532924,-0.008036212586038859,0.00011498899870062375,0.008037035224374193,0.12455153615152811,3.349378838401302
2,37,0.6458300488376851,0.6,6.148380466874532,0.3137752123304644,25.020583185957584,-0.005531582889129147,0.02225944331738259,0.02293646062624037,0.11571960211729584,3.465098440518598
2,38,0.5924205191590948,0.6,6.134372683305867,0.37020784835009346,25.021323601654284,0.014443948094566809,-0.0006964157844693558,0.014460727212121742,0.12985753196847746,3.5949559724870754
2,39,0.6483960561277032,0.6,6.135951224851553,0.32847060782057,25.021980542869926,0.004234327679315962,0.003114470715541555,0.005256373153971018,0.1293875281993286,3.724343500686404
2,40,0.5589123204017308,0.6,6.182503581869051,0.3115785565229985,25.022603699982973,0.005521229715393114,-0.001931767015498399,0.005849418891847935,0.13084460297795966,3.855188103664364
2,41,0.6436356094611302,0.6,6.127275902290599,0.34621715135890574,25.02329613428569,-0.019355023738549984,-0.011539503636520095,0.022533909738371945,0.13731754556910913,3.9925056492334727
2,42,0.6615736645272005,0.6,6.141426277967984,0.3132014333236221,25.023922537152337,-0.021641026051425465,-0.004060717962598319,0.022018706568058086,0.13210617245298975,4.124611821686463
2,43,0.532697046790218,0.6,6.172437437162543,0.3344104057455621,25.02459135796383,-0.006352698677206784,0.0009945445703071175,0.006430077712260731,0.12554285356236233,4.250154675248825
2,44,0.6109276667858857,0.6,6.172031434954171,0.2927884309173546,25.025176934825662,-0.011987957430455554,0.008656529228158533,0.014786704218059462,0.12726249595733738,4.3774171712061625
2,45,0.6045329160199272,0.6,6.127667215738363,0.3625100473876241,25.02590195492044,0.01708131558472633,-0.010612222874459091,0.020109465841792202,0.13735000670618555,4.514767177912348
2,46,0.5788670918164442,0.6,6.159378528995009,0.3194009275753609,25.02654075677559,0.009304845650609175,-0.00964606424206264,0.013402488871238056,0.13339023593313779,4.648157413845485
2,47,0.639548818348251,0.6,6.145907565007156,0.3147502412573224,25.027170257258103,0.008623908673373577,-0.005256405931019397,0.010099584353741687,0.13265015917098677,4.780807573016472
2,48,0.6465574634923035,0.6,6.151418062079641,0.309397182139007,25.02778905162238,0.010750770890385595,-0.0017531640232701996,0.010892780124011098,0.1340968451002612,4.914904418116733
2,49,0.6268787362674464,0.6,6.089845336950427,0.40503946147481396,25.02859913054533,0.01031536265125103,-0.004040322938509372,0.011078398624091377,0.11846796187383071,5.033372379990564
2,50,0.5786892281806446,0.6,6.167355199347317,0.3166594976218792,25.029232449540576,-0.02298141504253305,0.018227236001279595,0.02933219339912219,0.10400383880383356,5.137376218794397
2,51,0.5349186550726917,0.6,6.222116375300981,0.24516248778038735,25.029722774516138,-0.011791111636479352,-0.014013472930393105,0.01831414036188374,0.10038765814351647,5.237763876937914
2,52,0.6926417098959263,0.6,6.148054669585364,0.2956881620445045,25.030314150840226,0.011712091379580505,-0.0026393734859268786,0.012005805965525921,0.11265327500332087,5.350417151941234
2,53,0.6987406083180777,0.6,6.142771706663928,0.3020909314880154,25.0309183327032,0.01751297909347985,0.002053325637779597,0.017632940279585403,0.11691611356793256,5.467333265509167
2,54,0.6138613666094633,0.6,6.142905648196311,0.3359428248389542,25.03159021835288,0.004404541289931902,0.014713219561423383,0.015358346715625568,0.11767584236545942,5.585009107874626
2,55,0.5705400202833614,0.6,6.120185967768715,0.39330109525078566,25.03237682054338,0.013040362228466763,-0.008402903954793066,0.015513215073707306,0.1338359656730883,5.7188450735477145
2,56,0.6357713385750944,0.6,6.102758741998425,0.38565920794241915,25.033148138959266,-0.0077934262111300865,0.012978252669735854,0.015138445576340897,0.12238405158278964,5.841229125130504
2,57,0.6064968467047005,0.6,6.11932798352381,0.3819644281852767,25.033912067815635,0.007328752845449952,0.014350493867891546,0.016113574790284236,0.12695679768839904,5.968185922818903
2,58,0.6594832383682343,0.6,6.131714646362953,0.3322259695648488,25.034576519754765,0.018390158055175843,-0.004103817936578706,0.01884248484014075,0.13133350743065528,6.099519430249559
2,59,0.5421363058965708,0.6,6.159260851934,0.3466825687227095,25.03526988489221,0.027622555746365914,-0.012791611070282583,0.030440612670156107,0.13548959287175558,6.235009023121314
2,60,0.5915991744376476,0.6,6.142721995176243,0.3553544471227319,25.035980593786455,-0.010165493526861556,-0.0007480498268034107,0.010192979799256192,0.13028512268471965,6.365294145806034
2,61,0.5679039954691055,0.6,6.157004171513815,0.3446740149564087,25.036669941816367,-0.007485453357451743,0.009688826385630508,0.012243584797659364,0.12937893025263586,6.49467307605867
2,62,0.4804339703348806,0.6,6.182821463843288,0.34576623209180146,25.03736147428055,-0.0027451076940261765,-0.008640449911023695,0.009066035016296325,0.13069685386306032,6.625369929921731
2,63,0.575455105110475,0.6,6.170428303836907,0.31126964025752063,25.037984013561065,-0.0061214733112854355,0.010645851361278517,0.012280333330460356,0.12819137335959108,6.753561303281322
2,64,0.6307330511497855,0.6,6.134497930621452,0.3456387247246299,25.038675291010513,0.0036546758197486783,-0.003030982534240727,0.004748000681374005,0.11799343371211746,6.871554736993439
2,65,0.6520861830692005,0.6,6.140907777219415,0.32183962464953686,25.039318970259814,0.007502190754307889,0.004128708204461747,0.008563241065835558,0.12260441941363723,6.994159156407076
2,66,0.6719628238562134,0.6,6.144752194565835,0.30382597756216995,25.03992662221494,0.0033151958875337986,0.008924738873315304,0.009520582320929026,0.12035998850407305,7.114519144911149
2,67,0.5870894382110932,0.6,6.171206047179406,0.3055916988717918,25.040537805612683,0.0011485887613438897,-0.018180776303835695,0.01821702179701169,0.11610084141241303,7.230619986323562
2,68,0.6863783574171074,0.6,6.157617995394178,0.2872923293779125,25.04111239027144,0.0015122678296646502,0.015634047450289294,0.01570701733832798,0.11599751656969601,7.346617502893258
2,69,0.5675510750887353,0.6,6.182666658618441,0.2863639763347866,25.04168511822411,-0.005355325969039438,0.0009721923200291803,0.005442855329860598,0.10849253469439564,7.455110037587653
2,70,0.6122080646401639,0.6,6.1255558380219215,0.3601576916339634,25.042405433607378,0.028430451559414413,-0.007921150205651501,0.02951330541387566,0.11979993404037709,7.57490997162803
2,71,0.5201269264366524,0.6,6.192821028021299,0.29920846381572236,25.04300385053501,-0.017972283636538376,0.0013768982590334734,0.018024950150497352,0.10936469506564472,7.684274666693675
2,72,0.5522461372319784,0.6,6.210168690888383,0.2581852307519767,25.043520220996513,0.008847258477261286,0.00766919669661199,0.011708567825946774,0.10835877845350735,7.792633445147182
2,73,0.4782312263582727,0.6,6.222865552625883,0.26753243916942543,25.04405528587485,0.011271941741956032,0.011149623229474022,0.015854676559087465,0.11354915591945697,7.9061826010666385
2,74,0.5716901705102763,0.6,6.124521000311982,0.39031653812321737,25.044835918951097,0.015309506948261824,-0.008541612608143545,0.017531119443620076,0.1285277653563312,8.034710366422969
2,75,0.6204496730607919,0.6,6.158875169237533,0.3133405882375348,25.04546260012757,0.02365756587584973,0.0018949963754791347,0.023733340144894245,0.12047558349927914,8.155185949922249
2,76,0.6102518281009208,0.6,6.129876781703589,0.35684590127815075,25.046176291930127,-0.011433194448258563,-0.012406245995562275,0.016871066207981504,0.10694389427179003,8.262129844194039
2,77,0.5969545432610857,0.6,6.179868373994341,0.28683197356994644,25.046749955877267,0.004205164785315132,0.00016338084112892495,0.004208337459247114,0.1104741364846971,8.372603980678736
2,78,0.6531555091244733,0.6,6.145874507023663,0.3058264062833849,25.047361608689833,0.003179351019787587,-0.014327354899341081,0.014675877190774568,0.11426986802620684,8.486873848704944
2,79,0.5500253176031237,0.6,6.1776704520909815,0.30745296891223206,25.047976514627656,-0.007154296612979163,0.003283012950007554,0.007871603016946576,0.11571819593280286,8.602592044637747
2,80,0.5483646389775804,0.6,6.190423522285913,0.28585767889840974,25.048548229985453,-0.007597144743727211,-0.008000824760846013,0.011033123089629185,0.11213339828818747,8.714725442925936
2,81,0.5531530208836902,0.6,6.191913761048647,0.28605913723046855,25.049120348259915,-0.01843624109752305,-0.0023110160759299654,0.018580521551054607,0.10248876347901517,8.81721420640495
2,82,0.4478373751428774,0.6,6.222458219259109,0.2842221190637269,25.049688792498042,-0.00732036014881937,-0.0006548837514448298,0.007349594916478676,0.08785181405989187,8.905066020464842
2,83,0.6769786113624162,0.6,6.156401048126449,0.28584436653836953,25.05026048123112,0.022485162890593782,-0.00795500550053291,0.02385088389829703,0.09454832500632077,8.999614345471162
2,84,0.5830433595268598,0.6,6.210000170916026,0.2423005175791643,25.05074508226628,0.009554885510232296,0.004994982334686595,0.010781729250796379,0.0914290939683665,9.09104343943953
2,85,0.5335914260522873,0.6,6.1998637528757055,0.27369744594520934,25.051292477158167,0.027500241748739992,0.017699213881967338,0.03270360023420613,0.09366565331354651,9.184709092753076
2,86,0.49298152189023203,0.6,6.225558041550706,0.2515485557486848,25.051795574269665,0.008254810344744802,0.011045784735714766,0.013789534229097629,0.09461694575452112,9.279326038507596
2,87,0.5309005190873805,0.6,6.218417898718747,0.25001711539577454,25.052295608500458,0.0016280119503429454,-0.0013256801465371805,0.0020994882141565554,0.08700699210172459,9.36633303060932
2,88,0.7230992359808798,0.6,6.214936430197584,0.1869059354537782,25.052669420371366,0.008654820875927576,0.005311783665356953,0.010154849585392426,0.0874162407820098,9.453749271391331
2,89,0.5821583667806474,0.6,6.21440634654985,0.23322874350485961,25.053135877858377,0.016021411330919118,0.0014644077047824987,0.016088197877957924,0.08939219696353179,9.543141468354863
2,90,0.46097624025109324,0.6,6.2372222252304335,0.23858826918139575,25.05361305439674,-0.004106704787990829,-0.0026837273520938123,0.0049058553500978055,0.07764051764520563,9.620781986000068
2,91,0.4872214716487945,0.6,6.242207537163049,0.22036693671022495,25.054053788270163,0.0022051724680030526,-0.015308034973994926,0.015466050574684235,0.08017888294166022,9.700960868941728
2,92,0.5958152070242833,0.6,6.196789871343107,0.2633217337832797,25.05458043173773,0.006600730370716328,0.002989774561190176,0.007246267546374259,0.08622789976457422,9.787188768706303
2,93,0.6418463011771389,0.6,6.142588733068679,0.33049126662555606,25.05524141427098,0.029223541609335192,0.006783800988404704,0.03000058899493185,0.1060901498907986,9.893278918597101
2,94,0.5068732914290521,0.6,6.180585506068862,0.3367440708029721,25.055914902412585,0.012116163464517708,0.0015895867412564328,0.01221999194381453,0.11580764229636352,10.009086560893465
2,95,0.5426283174619556,0.6,6.2004674213347775,0.27491006625748227,25.0564647225451,0.020567026304471568,-0.000756504705884229,0.020580934633268003,0.11815551762223103,10.127242078515696
2,96,0.6487760239346673,0.6,6.144289761381961,0.321998496526423,25.057108719538153,0.02344426748513364,-0.0001477721965984478,0.023444733193973052,0.12254914870176449,10.249791227217461
2,97,0.7253212058225756,0.6,6.133486663557345,0.2977768309605135,25.057704273200073,-0.0007497215659474331,0.010547579251802828,0.01057419077279714,0.11928944597573382,10.369080673193194
2,98,0.6271507231917249,0.6,6.135693756104393,0.3479496400002151,25.058400172480074,0.007936893843197105,-0.00510029539755617,0.00943436786544349,0.12896097878965973,10.498041651982854
2,99,0.5931671167466999,0.6,6.0984494694987035,0.41987727722796936,25.05923992703453,-0.007089716577070339,0.005897036055747239,0.009221665542946617,0.14199006540503648,10.64003171738789
3,0,0.1781467913392473,0.6,6.337296723003861,0.07399947923853234,25.00014799895848,-0.002353779156691457,-0.012144013829592591,0.01237001811687482,0.009036302774478196,0.009036302774478196
3,1,0.4940191259722558,0.6,6.237229933733686,0.23115510602811762,25.000610309170536,0.031171952749936612,0.004046954556143003,0.03143355658247675,0.03484229031874657,0.04387859309322477
3,2,0.6368538274671266,0.6,6.189534335285935,0.25230676243958655,25.001114922695415,0.023949745565136415,0.005629897185861278,0.024602561959237906,0.051272570007111024,0.09515116310033579
3,3,0.5619858294790692,0.6,6.265657827331771,0.14899707129435286,25.001412916838003,0.018669460556335626,-0.003931531947541129,0.019078933432430344,0.05219544495371332,0.14734660805404912
3,4,0.5718792799139438,0.6,6.207878220460896,0.24788739067300505,25.00190869161935,0.003593335740054276,0.003015140573967662,0.004690749878381649,0.06335371598257508,0.2107003240366242
3,5,0.6630520855780077,0.6,6.1300292379193975,0.34067848608579965,25.00259004859152,0.007589813905167475,-0.01582685641802789,0.017552625421626937,0.0854093087881015,0.2961096328247257
3,6,0.6196451206154755,0.6,6.123737279048763,0.3587879167085917,25.003307624424938,0.042272639758565114,0.0011709087215544195,0.042288853134030864,0.10447395015386364,0.4005835829785893
3,7,0.5809438474167921,0.6,6.145355407692229,0.3555679191039904,25.004018760263147,0.020218856790620115,-0.003752224007606727,0.020564079238392013,0.11736856684693499,0.5179521498255243
3,8,0.6598043982679599,0.6,6.170387666856445,0.27334374168920833,25.004565447746526,0.01379695720681496,0.005990395263761841,0.01504130524864061,0.12071529029872305,0.6386674401242474
3,9,0.8072314653528447,0.6,6.124162044046342,0.28381795507518176,25.005133083656677,-0.003370742333753107,-0.004484650062040593,0.005610168451973259,0.12323683783007144,0.7619042779543188
3,10,0.6422816537186737,0.6,6.152620236806877,0.3173068659848199,25.005767697388645,0.01204592528184697,0.003592491565134564,0.012570215254378224,0.130228893726145,0.8921331716804638
3,11,0.6925871427566127,0.6,6.08882010514673,0.38787332780123907,25.006543444044247,-0.03199839430431016,0.014053654387244204,0.03494856849271823,0.11938105957371291,1.0115142312541767
3,12,0.5857267209981984,0.6,6.101669011135885,0.4279709938492859,25.007399386031945,0.014104491900317906,-0.014491176107369304,0.020222039381351337,0.14162349630634388,1.1531377275605206
3,13,0.5989320430230494,0.6,6.125046252230805,0.37208572619801,25.008143557484342,0.0003281570496225586,0.005080679093914777,0.005091265766443514,0.13228397324430183,1.2854217008048223
3,14,0.5596108500829983,0.6,6.181129440850252,0.2988929898725154,25.008741343464088,-0.001790975962771493,0.015762989726277175,0.015864407962793477,0.1295009486562153,1.4149226494610376
3,15,0.581603829494069,0.6,6.135851901758445,0.36226887006324976,25.009465881204214,0.026158409094613505,-0.005615787496032209,0.026754428335543826,0.13957413619134157,1.5544967856523793
3,16,0.5719910105968751,0.6,6.1263190208691825,0.37810998083048597,25.010222101165876,-0.008348916789231258,-0.004523502755690917,0.009495603652967562,0.1456894300419436,1.7001862156943228
3,17,0.6362375868325115,0.6,6.099856508675768,0.38500090310201834,25.01099210297208,0.0026097998841275102,-0.004684760446797232,0.005362651944613575,0.15231480537106454,1.8525010210653874
3,18,0.5641707356731114,0.6,6.12002529526616,0.4033814297707105,25.01179886583162,0.005337307346678429,-0.003480463796426194,0.00637185043383325,0.16021168940988564,2.012712710475273
3,19,0.6354166295520338,0.6,6.093451919391025,0.40046026777847427,25.012599786367176,-0.006576035069491435,-0.012973796559567399,0.014545227203595827,0.1543668507998762,2.1670795612751492
3,20,0.621800756484721,0.6,6.1342975091136696,0.34656567839447444,25.013292917723966,-0.008685170894599258,-0.002200757798203556,0.008959661174104065,0.15368081613668358,2.320760377411833
3,21,0.5544042768232836,0.6,6.092779701974034,0.46687590247725147,25.01422666952892,0.023460212008041596,-0.007744589687708259,0.024705469372048292,0.16939942204653702,2.49015979945837
3,22,0.6219324206644475,0.6,6.0940028800212245,0.40624100866879354,25.015039151546258,-0.012793524432871559,0.01496139636951632,0.01968546795837624,0.17150855149273844,2.6616683509511083
3,23,0.6123123075810648,0.6,6.072710430579851,0.4465661765783194,25.015932283899414,-0.0026496926397488445,-0.006311919417468571,0.006845523925731031,0.16263366744993962,2.824302018401048
3,24,0.5674712262797665,0.6,6.107272695894809,0.4205596567125767,25.016773403212838,0.01573473302409649,0.004879726826630046,0.016474026746431048,0.17005488989418843,2.9943569082952366
3,25,0.5998014840544793,0.6,6.080257771400724,0.46757448187880807,25.017708552176597,0.007800682297442128,-0.0018883478021778381,0.008025989143253115,0.16185289400414296,3.1562098022993794
3,26,0.6912822264063155,0.6,6.089863053883894,0.3725606251792491,25.018453673426954,0.00015965329333997996,0.015259575608848084,0.015260410772198292,0.15954488705768324,3.3157546893570626
3,27,0.6561805368279279,0.6,6.082681615944367,0.4037775287092777,25.01926122848437,-0.010258613478445606,0.003718110814974935,0.010911622176953316,0.1538626795221329,3.4696173688791956
3,28,0.5663505656941304,0.6,6.1090487430807885,0.4272799935455165,25.02011578847146,0.011090477950081046,0.015885306910975325,0.019373736779906822,0.16104950803712773,3.6306668769163233
3,29,0.6951495488008843,0.6,6.075495389287812,0.39723622030370487,25.020910260912068,-0.008046708040826477,2.5711824315100253e-05,0.008046749119502303,0.15783529542109231,3.7885021723374157
3,30,0.5760227139896569,0.6,6.093332872389154,0.4572847973917072,25.02182483050685,0.016508272597085007,0.011710410646204884,0.020239979783646438,0.17045262832952013,3.9589548006669357
3,31,0.636713608487132,0.6,6.100943405566301,0.39767367684288024,25.02262017786054,0.00183004092819186,-0.005072344618949226,0.005392377002050255,0.16814175571977605,4.127096556386712
3,32,0.5923531908300755,0.6,6.093469159038846,0.42624246856732373,25.023472662797673,0.004051630322359839,-0.019805655910689397,0.020215828311540725,0.17087426848426177,4.297970824870974
3,33,0.6299197708514102,0.6,6.074499419839811,0.44352394239100995,25.024359710682454,-0.0050513491766831144,0.01947098642820358,0.02011555221693069,0.17947454807983035,4.477445372950804
3,34,0.5576010621521027,0.6,6.122784273082508,0.4127337029680586,25.02518517808839,0.019762421965385493,-0.0021120598363152,0.01987496210537587,0.17472467285446508,4.652170045805269
3,35,0.6106458032781203,0.6,6.120222378177461,0.3718926271259369,25.02592896334264,-0.005164203803145598,-0.01744187756553955,0.018190329681775846,0.17404813918237447,4.826218184987643
3,36,0.7024510034200179,0.6,5.999852119743452,0.49017304048119,25.0269093094236,0.011162866152746184,-0.011495540632571181,0.016023639885469888,0.19124940086308218,5.017467585850725
3,37,0.605085945860891,0.6,6.051258500847313,0.49874868540136075,25.027906806794405,0.012718220590798085,0.00978567297446043,0.016047196968919077,0.20110749618409907,5.218575082034825
3,38,0.5469566731405934,0.6,6.074790619430036,0.4808812058189236,25.028868569206043,-0.026957369947943767,0.005009922321799466,0.027418955417389014,0.1879019710293277,5.406477053064153
3,39,0.5529367816783989,0.6,6.0894011126853655,0.46130415541949543,25.02979117751688,-0.0015261165782132144,0.012016978556675065,0.012113496829647727,0.18230928357644569,5.588786336640599
3,40,0.5627956342843898,0.6,6.125323891306249,0.4037731792200301,25.030598723875322,0.006669523493853114,0.007159388934369917,0.009784650916033595,0.18355269923531084,5.77233903587591
3,41,0.5355675147138432,0.6,6.070785629049781,0.525628345269663,25.03164998056586,-0.028374108560810005,0.006964386733914393,0.029216309130349685,0.15325130070950357,5.9255903365854135
3,42,0.5922615329454994,0.6,6.102866560416312,0.411938099314325,25.032473856764486,-0.00398610245624534,-0.00998191728231864,0.010748380595361177,0.15930842537540438,6.084898761960818
3,43,0.5153873706550828,0.6,6.1558778337454525,0.38224581467157476,25.03323834839383,-0.017911541953896104,-0.0039039269398550808,0.018332047913910396,0.14764715732835498,6.232545919289173
3,44,0.6040531242787237,0.6,6.1337246784831105,0.3627094311006261,25.033963767256033,0.00400343224074731,0.0033601574266199216,0.0052266746252205174,0.15200801690458401,6.384553936193757
3,45,0.5836669908237032,0.6,6.097562495216226,0.43022219461076816,25.034824211645255,0.011378825004793593,-0.0032473026508296,0.011833115946182598,0.16367213060772176,6.548226066801479
3,46,0.5725418998150216,0.6,6.126259166477854,0.391786233064184,25.035607784111384,0.001331357986785991,-0.007379317802412299,0.007498456195643069,0.16001621901138843,6.708242285812867
3,47,0.5668193636464849,0.6,6.118663490092572,0.4084902295515388,25.036424764570487,0.0034413839811105497,0.009076987979878987,0.009707462824668035,0.14997724518825178,6.858219531001119
3,48,0.6286195202632409,0.6,5.997266499686906,0.5545942073186441,25.037533952985125,0.024153005825118264,0.004760313834381145,0.024617641604954714,0.1797852290771166,7.038004760078235
3,49,0.6070920907636871,0.6,6.04484260568234,0.5006191041580227,25.038535191193443,-0.03235264020757418,-0.001142255514501802,0.03237279839712896,0.15822602052979237,7.196230780608027
3,50,0.5762669848972225,0.6,6.128672157994777,0.3801817118734519,25.03929555461719,-0.0066483619804121735,0.005483281304979799,0.008617835626892117,0.16053581615348847,7.356766596761515
3,51,0.5362268630301125,0.6,6.133852402766486,0.39554690387058805,25.040086648424932,-0.005619311649699534,0.012572196508289942,0.013770867382249629,0.16346890907629757,7.520235505837813
3,52,0.560470110732269,0.6,6.132191187418048,0.3902767486760854,25.040867201922286,-0.012123403112777426,-0.0009165940810038319,0.012158003443996578,0.1502931845929274,7.67052869043074
3,53,0.523091859088454,0.6,6.15407227847055,0.37172762596889636,25.041610657174225,0.0016696216482051625,0.017944488052250736,0.018021994559579823,0.15357654160391035,7.8241052320346505
3,54,0.6186469515469216,0.6,6.094571099369015,0.4222155110176755,25.04245508819626,-0.013635997523189457,0.0015364446081566638,0.013722284448529798,0.15649398446381768,7.980599216498468
3,55,0.6605439179287602,0.6,6.073526969299779,0.42035945729340046,25.043295807110848,-0.016316092844795474,-0.011582031851840289,0.020008956682871525,0.14299985038592655,8.123599066884394
3,56,0.501231248572283,0.6,6.166856801256134,0.3632596461029552,25.044022326403056,-0.0033213694464095216,-0.0005704286766218815,0.003369997607514771,0.13050626551835848,8.254105332402752
3,57,0.6312591471543888,0.6,6.119641758803345,0.37049079176610733,25.04476330798659,0.012084091696736889,-0.0008645528271104714,0.012114979311827574,0.14422290670342716,8.39832823910618
3,58,0.5840759327605132,0.6,6.137781808814019,0.36361413044179874,25.045490536247474,0.005703635664192281,0.005882249291179367,0.00819343130278312,0.14349599691422651,8.541824236020407
3,59,0.6057334293065271,0.6,6.103774337819854,0.4083665191789389,25.046307269285833,-0.0006532547605761913,0.001501152270061292,0.001637131613562461,0.14927226768717922,8.691096503707586
3,60,0.6583773816766321,0.6,6.04632888191539,0.46833210261973396,25.04724393349107,0.01746272694639896,0.0009600420496977001,0.017489096979023136,0.16822265615591497,8.859319159863501
3,61,0.5483373010490428,0.6,6.13114223993682,0.3931139562227467,25.048030161403517,-0.009391139493579732,0.0008496813703770767,0.00942949942568739,0.16894925750339013,9.028268417366892
3,62,0.5154645344116146,0.6,6.14414441563436,0.4053154122204537,25.048840792227956,-0.015059887363527485,0.012380069359584397,0.019495289809342547,0.15398993485855278,9.182258352225444
3,63,0.5756631946773569,0.6,6.137419413422782,0.37508276460950857,25.049590957757175,-0.002675817318428966,-0.025412388076882248,0.025552875886906967,0.14618494907184604,9.328443301297291
3,64,0.644600949096677,0.6,6.120395445193671,0.37080920824232055,25.05033257617366,0.00296626692584058,0.005580818806186659,0.006320148576008511,0.13988563298801565,9.468328934285307
3,65,0.5975159658743733,0.6,6.144500374668711,0.35053950769277936,25.051033655189045,0.0016532521347275234,0.010329891945199456,0.010461353173489446,0.13272757415174685,9.601056508437054
3,66,0.671925293559324,0.6,6.10805109596028,0.3572338149892904,25.051748122819024,-0.00020416622381829157,-0.001498915917331393,0.0015127566804273688,0.12821569657847215,9.729272205015526
3,67,0.7069625218546023,0.6,6.136247186729397,0.30464621135603503,25.052357415241737,0.007723750213370363,-0.0010039350340136602,0.007788722803583315,0.12333375834142102,9.852605963356947
3,68,0.5566183817406667,0.6,6.200946232350897,0.27886301022357785,25.052915141262183,-0.016311422027945312,-0.010634329381546069,0.01947181167659942,0.12499689435714469,9.977602857714091
3,69,0.6006024827088764,0.6,6.178990344940405,0.2925942901041073,25.05350032984239,0.008790353007445127,0.005275973827743159,0.010252131769857935,0.12370127449598878,10.10130413221008
3,70,0.6724260905603645,0.6,6.16616155720052,0.2798382277889232,25.054060006297966,-0.0022268475047639105,-0.004468362536626212,0.004992505740427135,0.12209186000580388,10.223395992215885
3,71,0.6917520524487869,0.6,6.120733677739315,0.33834888128281493,25.05473670406053,0.005518019266382679,-0.002163439782957261,0.005926972947352856,0.12604511670272356,10.349441108918608
3,72,0.6158189897941097,0.6,6.1179805781876055,0.3752258211384111,25.055487155702806,0.0011353239985355118,0.006563907508593024,0.006661369405986621,0.1358690661699186,10.485310175088527
3,73,0.6024269958062872,0.6,6.170117171638369,0.305333498024502,25.056097822698856,-0.001390290948901674,-0.006081012569516899,0.006237918145761487,0.13496222145881512,10.620272396547342
3,74,0.6732151817920246,0.6,6.069887174249548,0.4184578586030288,25.05693473841606,0.010593604314796763,0.011615338035591172,0.01572070386654273,0.14350495952129333,10.763777356068635
3,75,0.6867472209215842,0.6,6.0593981105118475,0.4281859072994249,25.05779111023066,0.005206668882804287,-0.009467404109571895,0.010804681458937197,0.15706355530601246,10.920840911374647
3,76,0.5399315568076897,0.6,6.112646801805952,0.44235015499342195,25.058675810540645,0.016968334277172842,0.0030726478050559104,0.017244289857103242,0.17084070558232248,11.09168161695697
3,77,0.5949709209079086,0.6,6.112775925504975,0.40255855928466394,25.059480927659216,-0.014642196494088159,-0.008215345170195275,0.01678945545385372,0.1553723987666723,11.247054015723643
3,78,0.6608275289465592,0.6,6.10425604847118,0.37766798260551787,25.060236263624425,-0.014650779453346143,0.005887424068075064,0.015789461699118785,0.158024379928827,11.40507839565247
3,79,0.647933317659781,0.6,6.072776620931925,0.4285285693684966,25.061093320763163,0.02775244555241141,0.006620742889997064,0.0285312542758815,0.16406517598805676,11.569143571640527
3,80,0.6176753759220984,0.6,6.107458353520931,0.40710863887778515,25.06190753804092,0.012435656446375752,-0.0008561495423049708,0.012465092991673822,0.1666644704765407,11.735808042117068
3,81,0.5258238264670605,0.6,6.132690371391326,0.40251105189479913,25.06271256014471,-0.012190518032418728,0.014587147496759935,0.01901035512532461,0.17052133774273184,11.9063293798598
3,82,0.6025301678679196,0.6,6.017597425205144,0.557762222699284,25.06382808459011,0.016008528887605046,0.001712435451522125,0.016099858145987345,0.19300040189416448,12.099329781753964
3,83,0.6639799312753731,0.6,6.048081060518852,0.45126494819579904,25.0647306144865,0.007539002899154074,-0.00675593827630063,0.010123204369498694,0.1920894487633102,12.291419230517274
3,84,0.5927114322739913,0.6,6.045693550154679,0.5084480164148466,25.06574751051933,-0.028066263005303457,0.007293463462804262,0.028998443550751585,0.1809468901327478,12.472366120650022
3,85,0.6482900234496787,0.6,6.055438218628969,0.45419529592148195,25.066655901111172,-0.001461888150904058,-0.00942093588873116,0.009533685016054205,0.18784356265665997,12.660209683306682
3,86,0.5940514597654277,0.6,6.108867717896468,0.41010876868096785,25.067476118648536,-0.010212808252014987,-0.013682450953383907,0.01707369076925612,0.1860270788763769,12.846236762183059
3,87,0.6280958438237099,0.6,6.031809524049721,0.5083193697470525,25.06849275738803,0.021003781827143353,-0.002563168936896428,0.021159600328014425,0.2010371669782973,13.047273929161356
3,88,0.6563430609198586,0.6,6.053626068591744,0.4615841968529463,25.069415925781733,0.027388642722494107,0.016959695330141692,0.032214422482355,0.20354139355748013,13.250815322718836
3,89,0.5809004206398674,0.6,6.059178242368131,0.49655971324391424,25.070409045208223,0.003727722779606319,-0.0009439250641118496,0.003845375358564417,0.20260532059326666,13.453420643312102
3,90,0.5476584827338533,0.6,6.081929428705863,0.4735193434482442,25.071356083895118,-0.006050346492356903,-0.016295836027484384,0.017382777813463344,0.19051360669648293,13.643934250008584
3,91,0.5127190139623541,0.6,6.1127114854344065,0.46103965667381386,25.072278163208466,-0.02139729331701846,0.014192550459109513,0.02567630522152462,0.16825048157781028,13.812184731586395
3,92,0.5616368504159994,0.6,6.108007265021545,0.4322881030580497,25.073142739414582,0.007099968351257414,0.0002429091413778039,0.0071041224257343575,0.1787672309050265,13.990951962491422
3,93,0.5832090712865625,0.6,6.069858766394275,0.48026491197967686,25.07410326923854,-0.005050249038178616,-0.008022531717308108,0.009479769538487663,0.19168862802080405,14.182640590512227
3,94,0.562873260592647,0.6,6.091226416185777,0.4646670069352618,25.075032603252414,-0.007389483881108027,0.01801213990808535,0.01946899216953965,0.1924519007510606,14.375092491263288
3,95,0.6176489367382818,0.6,6.0936657044163125,0.4211269932775806,25.07587485723897,0.0009833895844716337,0.00886864686582761,0.00892300130592847,0.19335911535235067,14.568451606615639
3,96,0.6348169860624909,0.6,6.025264323135634,0.5126360406723806,25.076900129320315,0.010152686598774744,0.018593463338516282,0.021184756880684028,0.2030601433917371,14.771511750007376
3,97,0.6262957572134484,0.6,6.032839205715753,0.5091315389139133,25.077918392398143,-0.042944877309435574,0.0111492455949028,0.044368549271504625,0.1844909096742951,14.95600265968167
3,98,0.6249455928138027,0.6,6.112964168690252,0.3830226143582518,25.07868443762686,-0.01622608484865449,3.222216443155699e-05,0.016226116842412278,0.18417930358022092,15.140181963261892
3,99,0.6006197203569578,0.6,6.086404623434908,0.44021690703097466,25.07956487144092,-0.015700091817864664,0.0027279638953026414,0.015935327737560206,0.17318663674418353,15.313368600006076
4,0,0.508454314869691,0.6,6.216823266945522,0.26968014700577164,25.000539360294013,0.02789275541668977,-0.006378405564735843,0.02861275698501509,0.03217977607254806,0.03217977607254806
4,1,0.6594114524156585,0.6,6.2582451164177435,0.14081021329989254,25.00082098072061,-0.010956323519599529,-0.0027739139174310984,0.011302018558091636,0.03632006861363152,0.06849984468617958
4,2,0.6334144614424778,0.6,6.143700136382843,0.31842105480434196,25.00145782283022,0.05626117552993069,-0.007474731780653794,0.056755541466912175,0.06637550568337983,0.1348753503695594
4,3,0.6758402435966068,0.6,6.216201975758776,0.19718687105247967,25.001852196572322,0.012612703430353773,-0.0029832316899583372,0.012960708280724072,0.07073448679285846,0.20560983716241785
4,4,0.5984046525448116,0.6,6.220638888674127,0.21633043081711753,25.002284857433956,0.02300764168103412,0.0009244773546980858,0.02302620754927324,0.07843280496360433,0.28404264212602215
4,5,0.6165695486501086,0.6,6.168669555739402,0.2920189879310504,25.00286889540982,0.011464994745661768,-0.009592553926405883,0.014948685405381199,0.09359944135440312,0.3776420834804253
4,6,0.5935589402424393,0.6,6.121284867815978,0.37451343763986905,25.0036179222851,0.024959792772570093,0.004870153259803794,0.025430486586450127,0.11362279325172459,0.49126487673214986
4,7,0.6833107373792823,0.6,6.126641034974829,0.32677300070587084,25.00427146828651,0.0015343532475037653,-0.013171747888057944,0.013260813787799159,0.11786921989812998,0.6091340966302798
4,8,0.5921380289383705,0.6,6.100216341546535,0.4185605717580045,25.005108589430026,0.018580345699843744,0.0010571999546715495,0.01861039811690925,0.13197932402911694,0.7411134206593968
4,9,0.5303101260080564,0.6,6.148636135468124,0.38300562619620815,25.005874600682418,0.005792982323988436,-0.0010800383678095794,0.005892802990257119,0.14305901294246026,0.884172433601857
4,10,0.6263521510729638,0.6,6.133215350798626,0.33995022452928336,25.006554501131475,0.010058201301392802,-0.0029104146327302576,0.010470813089428646,0.14534444460617352,1.0295168782080306
4,11,0.5956819937874825,0.6,6.089392235802341,0.4323341905163535,25.00741916951251,0.02220351302802366,-0.002484193067050382,0.022342050174055147,0.16035127592882387,1.1898681541368545
4,12,0.576817020369786,0.6,6.150036465118008,0.3424614431146783,25.00810409239874,0.000498344376393803,-0.004917301080135277,0.004942488950941912,0.1610074124764276,1.3508755666132821
4,13,0.5761269209975675,0.6,6.055952760591438,0.5049858019294295,25.0091140640026,0.022104054996846784,0.01714831608676043,0.027975953816001944,0.1784485670377725,1.5293241336510546
4,14,0.6931143455950152,0.6,6.06690921971408,0.41684406799596235,25.00994775213859,-0.006145838031186285,0.007825788808419774,0.009950592725037233,0.17628184999249463,1.705605983643549
4,15,0.620607269108471,0.6,6.060205035291441,0.4710958902467454,25.010889943919082,-0.009352285443086755,-0.002554707861877694,0.009694935547414027,0.16542138248608193,1.871027366129631
4,16,0.5975751662467927,0.6,6.045118872625399,0.5180923342907342,25.011926128587664,0.02401722356162118,-0.001181707843665918,0.02404627748814093,0.18973716726406678,2.060764533393698
4,17,0.6033542927735852,0.6,6.092692078167937,0.4301174491899361,25.012786363486043,0.004285398427665276,-0.002722761011450806,0.005077210573662731,0.19333657341692545,2.2541011068106234
4,18,0.5208750739168314,0.6,6.1160869226631895,0.43177993614455185,25.013649923358333,0.00016980700005494114,-0.0032775491729641676,0.0032819450023523792,0.19310566585150263,2.447206772662126
4,19,0.5268455042925453,0.6,6.0364662519273535,0.5720537667444086,25.01479403089182,0.02384336198155873,0.0028005786003768014,0.024007272878870035,0.2123531787847208,2.6595599514468464
4,20,0.6062117756621535,0.6,6.0117575610743215,0.5585695379388522,25.015911169967698,0.011712066846815208,0.012165777137429404,0.016887233141692215,0.2290232005769881,2.8885831520238345
4,21,0.5715615880375559,0.6,6.037718111516264,0.5556090777708577,25.01702238812324,0.0033038479017560556,-0.010636955910255479,0.011138233342620221,0.22673405866483531,3.1153172106886697
4,22,0.5872047742159066,0.6,6.049225389236802,0.5238762523915883,25.018070140628023,-0.007658779337850167,-0.008601533849246633,0.01151708667613543,0.22374968942324422,3.3390669001119138
4,23,0.5804025261970521,0.6,6.035774621786767,0.5528193582244024,25.019175779344472,0.014777603343801437,-0.003575790319685979,0.015204073039718383,0.2339657624087751,3.573032662520689
4,24,0.6216035442029919,0.6,6.028063371162115,0.5369005653535439,25.02024958047518,-0.008892463285710207,-0.01002668587369791,0.013401877961596174,0.2349800084293364,3.8080126709500255
4,25,0.6750115703230202,0.6,5.984839800072924,0.5359692825386292,25.021321519040256,-0.015799801729565785,0.0007851402517417629,0.01581929770591903,0.22571305371904948,4.033725724669075
4,26,0.5831277186339616,0.6,6.058479874496661,0.5158686839310347,25.022353256408117,0.003523849429205902,0.015743712374755716,0.016133257393928575,0.23131975417920536,4.265045478848281
4,27,0.5453237334703489,0.6,6.028893919265821,0.572419583413238,25.023498095574944,0.0030441932327448947,0.010543249749040777,0.01097393401241953,0.2341776737053367,4.4992231525536175
4,28,0.5444215713966719,0.6,6.061096355482557,0.5238315658728796,25.02454575870669,0.0010628545726546804,0.003236257646091187,0.003406321093863089,0.2350653721452092,4.734288524698827
4,29,0.5749859668472416,0.6,6.048543563664261,0.5282615026670374,25.025602281712025,-0.010931622137851899,-0.011041239857992617,0.01553735306178303,0.23222092532715263,4.966509450025979
4,30,0.5976504865889004,0.6,6.025317506579306,0.5358061627759203,25.02667389403758,-0.013094618860446626,-0.015200392851920637,0.020062925657866663,0.22510781099187085,5.19161726101785
4,31,0.6470237969352147,0.6,6.001350529727327,0.5390895390076124,25.027752073115593,0.019093976038089704,-0.007399358529652597,0.02047755912196291,0.23077556692485704,5.422392827942707
4,32,0.5944225515627931,0.6,5.991797328865129,0.6035987241531138,25.0289592705639,0.028089054124776476,0.0015843384678553172,0.028133700254416385,0.24484938688958105,5.667242214832288
4,33,0.6387049723018337,0.6,5.9898268439234,0.5491912250133276,25.030057653013927,-0.011442602291439724,-0.009583744802265615,0.014925860498980113,0.23294543400858447,5.900187648840872
4,34,0.6258926436786924,0.6,6.033311314452919,0.5021216658882476,25.031061896345705,0.006933196016138026,0.00929145147768691,0.011593113367875019,0.2328427744782886,6.133030423319161
4,35,0.5824572263311154,0.6,6.046743884799307,0.5268812345162656,25.032115658814735,0.007173920114785976,-0.0060362043601909065,0.009375547604877197,0.23727022255695013,6.370300645876111
4,36,0.7130897962577395,0.6,5.936946169512057,0.5845278310932682,25.03328471447692,-0.011775853210638683,0.006635615765913815,0.013516734643816655,0.24463179605492652,6.614932441931038
4,37,0.5945832691920507,0.6,6.006548253879445,0.56914753649406,25.034423009549908,-0.0034774402355694425,0.010598062949337746,0.01115399161153005,0.2426278924651855,6.857560334396224
4,38,0.5742013310831887,0.6,6.045089039748188,0.5329700509366315,25.035488949651782,-5.959712623499637e-05,0.013660600684033315,0.013660730685657591,0.24262756939728283,7.100187903793507
4,39,0.6237068188572452,0.6,5.951556608777991,0.6545403469871764,25.036798030345757,0.027119578954179463,0.007188971655282916,0.02805624486834321,0.2579159527781452,7.358103856571652
4,40,0.6227725054433172,0.6,5.968825100379021,0.6105024268782691,25.038019035199515,-0.011551791792305945,0.0010015940809062348,0.011595131923169025,0.24396359169287207,7.602067448264524
4,41,0.6659072821873655,0.6,5.96877902123524,0.5788305890468814,25.03917669637761,-0.02372294294352507,0.003825981367234629,0.02402948512399241,0.23881548146529238,7.840882929729816
4,42,0.5994513326204852,0.6,6.008859763092148,0.5714488123133394,25.040319594002234,-0.01893338466503651,-0.006545701349975839,0.020032954376160178,0.2300648900559244,8.07094781978574
4,43,0.49439472854488414,0.6,6.082625340945484,0.5432609731496546,25.041406115948533,0.012826060182206351,-0.015569339325092607,0.020172063524028828,0.23313057498444148,8.304078394770182
4,44,0.6586466526504849,0.6,5.997859136399987,0.5469871828120684,25.042500090314157,-0.016714163039588066,0.013821818883931386,0.02168884329267317,0.2205185988726567,8.524596993642838
4,45,0.5829758815250433,0.6,5.994273267405281,0.6096045461181192,25.043719299406394,0.022200334857136024,0.0048334185178057175,0.022720404977403814,0.23733456372624734,8.761931557369085
4,46,0.5430139052992405,0.6,6.061866894527513,0.5376783849763866,25.044794656176347,0.0022880435048612136,0.0012476952104321243,0.0026061247894666995,0.2363646110947023,8.998296168463787
4,47,0.5741377710602026,0.6,6.037583413615987,0.5314728616893638,25.045857601899726,-0.017426468336791973,0.012815113403641332,0.021631202699836198,0.22660141874754616,9.224897587211332
4,48,0.5448362500713758,0.6,6.01457771026788,0.6132588016302526,25.047084119502987,0.020332104225559876,-0.0011341163064273396,0.02036370992809351,0.2470835738434197,9.471981161054751
4,49,0.5748942212397091,0.6,6.009507350242683,0.5826932033073662,25.048249505909602,0.015804969179728637,0.015427963382930518,0.022086627287053517,0.2571806577293326,9.729161818784084
4,50,0.5778084367424233,0.6,6.011984354991198,0.5770111342892595,25.049403528178182,0.013394154461783724,0.01706468247260989,0.02169347278877036,0.2554584186922731,9.984620237476356
4,51,0.6091139625780775,0.6,5.980350230299934,0.6006864889883,25.05060490115616,0.022580357677409537,0.014144150427290237,0.02664450307567327,0.26093041054421606,10.245550648020572
4,52,0.6924388042502202,0.6,5.964289055608643,0.548451178321961,25.051701803512803,-0.004035859902268296,0.014006890344430015,0.014576732908015562,0.25820075460189895,10.503751402622472
4,53,0.5579548822944771,0.6,6.015158980643221,0.6015077309829111,25.052904818974767,-0.009761116238656116,-0.01308763514238608,0.016326836308506777,0.24986411705113126,10.753615519673604
4,54,0.6079549400641417,0.6,5.9877316166447505,0.5970837211520513,25.05409898641707,-0.013483941944119927,0.006641440493586504,0.0150308157523884,0.2368529522639738,10.990468471937577
4,55,0.5217199088315188,0.6,6.064169164765647,0.5395907996783598,25.05517816801643,-0.010347923648692853,-0.005893867019785694,0.01190870237624966,0.22932078292328195,11.219789254860858
4,56,0.6132378032179648,0.6,5.9994160318577086,0.5676995596176154,25.056313567135664,0.0027259192787140035,0.005298337834749577,0.00595844104822759,0.23483651825502627,11.454625773115884
4,57,0.6752310973397477,0.6,5.9828841315242745,0.5327866517424412,25.05737914043915,-0.008002042410797463,0.008978641732031214,0.012026998382654492,0.2279589134044217,11.682584686520306
4,58,0.6563348639243427,0.6,6.014178961963322,0.5130265231235326,25.058405193485395,-0.012373169929951983,0.01065926818716889,0.016331421628304706,0.23211377989699816,11.914698466417304
4,59,0.6320173793219689,0.6,6.035436376365005,0.49207424409692896,25.05938934197359,-0.006304341175432422,-0.014899330082214923,0.01617821852229247,0.23354136382380014,12.148239830241105
4,60,0.6382376797414978,0.6,6.019156096088832,0.5276969813315973,25.06044473593625,-0.007052483573996322,-0.009932572174375523,0.01218168767292393,0.22544060222153167,12.373680432462637
4,61,0.6210262839447137,0.6,6.050623332014613,0.4889608913419189,25.061422657718936,0.0006324315244268654,0.022856011815280665,0.02286475990981183,0.22355032593983729,12.597230758402475
4,62,0.5794540113986703,0.6,6.056199742620707,0.51665845332597,25.06245597462559,0.016345911578130513,-0.010942409530350914,0.019670413103185597,0.22895456760352836,12.826185326006003
4,63,0.658381907751121,0.6,5.997308900586443,0.5316608670601295,25.063519296359708,-0.014641207759771128,-0.009325702298970132,0.017358965638361035,0.22858273669802714,13.05476806270403
4,64,0.5997559050318049,0.6,6.009833995918638,0.5591254056386453,25.064637547170985,-0.019338902511085724,0.001416671648715303,0.019390722237543175,0.21959989150078638,13.274367954204816
4,65,0.5667985694171837,0.6,6.042251222398759,0.5295818525306442,25.065696710876047,-0.0043611524993979935,0.010700725120709772,0.011555309136150124,0.22152854607730108,13.495896500282118
4,66,0.6463403737270146,0.6,6.00353046312912,0.5408395804073081,25.066778390036863,-0.012975837118730297,-0.005095951329463574,0.013940626559953486,0.2171648644925572,13.713061364774676
4,67,0.5764228492740955,0.6,6.021464827326441,0.5746736959597343,25.067927737428782,0.020807986868678754,-0.008881882110855133,0.02262432645092967,0.23043419452561295,13.943495559300288
4,68,0.6487561997694297,0.6,6.019139983515898,0.5231309317170472,25.068973999292215,-0.009031443856152647,-0.0030000357693779523,0.00951667971218873,0.22917503109101164,14.1726705903913
4,69,0.5249753986527126,0.6,6.09047846116247,0.4924331821483802,25.069958865656513,-0.013462242141198944,-0.001987150616707987,0.013608112692131693,0.2201919373339681,14.392862527725269
4,70,0.5725027017848089,0.6,6.012988638659329,0.5843378644266207,25.071127541385366,0.010212737433184446,0.005670582125201824,0.011681417187902556,0.23637138332253566,14.629233911047805
4,71,0.6146313089825239,0.6,5.984114069121091,0.5841815794756868,25.072295904544315,0.021280305072457158,-0.00575255994806118,0.022044122344354822,0.24661665072770905,14.875850561775515
4,72,0.6513588774320214,0.6,5.94526805320499,0.6288912612599173,25.073553687066834,-0.01731868587885017,0.0028791543221527837,0.017556378048477293,0.22746367838218362,15.1033142401577
4,73,0.6692929105883947,0.6,6.001038673496603,0.5260095477428547,25.07460570616232,0.01097997982399002,0.008840271974263262,0.01409646641943194,0.22287355779085205,15.32618779794855
4,74,0.6119358250848206,0.6,6.027337378299441,0.5315112054351044,25.07566872857319,-0.019549283369554672,-0.004932143871104978,0.020161858134319498,0.20439080115789962,15.53057859910645
4,75,0.6157569514560466,0.6,6.01615686083533,0.5486620983682294,25.076766052769926,-0.016276584490761782,-0.009375093861087293,0.018783492422579557,0.21390472411903258,15.744483323225483
4,76,0.5959712769616372,0.6,6.074747578845835,0.46984730917042267,25.07770574738827,0.004463628477800531,-0.006222254717550558,0.0076577041571160255,0.21330166233654924,15.957784985562032
4,77,0.6765006904543014,0.6,5.997986776106139,0.5254161485007666,25.07875657968527,-0.014442337959997468,-0.011758349879382289,0.01862363867875323,0.20074381519785245,16.158528800759886
4,78,0.6006245411103545,0.6,6.049857584395652,0.4990174495767037,25.079754614584424,0.010993432689144097,0.009244340219585095,0.01436361334714147,0.20754200680273513,16.366070807562622
4,79,0.6178109336370026,0.6,6.02343100370272,0.5428103365338716,25.08084023525749,0.013923049525863228,-0.0054369402968277684,0.014946960490043112,0.21575395810730014,16.58182476566992
4,80,0.6413854166577895,0.6,6.017169434687445,0.5111668914235041,25.081862569040336,-0.006123475574338072,-0.006078874462819541,0.008628422094695793,0.20723961172922606,16.789064377399146
4,81,0.5949257358435883,0.6,6.06227690202472,0.4819610932622596,25.08282649122686,-0.009832592765784715,0.008546427287124486,0.013027712764406034,0.20118248815403422,16.990246865553182
4,82,0.5031755442912026,0.6,6.09986326250245,0.49903862694642853,25.083824568480754,0.018626076034238152,-0.005609810031317565,0.01945252366714129,0.20848851285149908,17.19873537840468
4,83,0.6061413665550798,0.6,6.055093797734946,0.4825766776618189,25.084789721836078,0.0028856010659979326,-0.0012004112209610803,0.0031253288805336435,0.1980102520942691,17.396745630498952
4,84,0.6174898993484154,0.6,6.0372569977316735,0.5067865260227717,25.085803294888123,0.025954178262691807,-0.007679485917368151,0.02706647138521458,0.20682391565925357,17.603569546158205
4,85,0.6177124029990665,0.6,6.028783305036401,0.5200402768636826,25.086843375441852,0.01425126383694006,0.014831286279738141,0.020568557889692324,0.21781142859892372,17.82138097475713
4,86,0.5693169793288517,0.6,6.074534783373796,0.4807767601453648,25.087804928962143,0.004104846434780627,-0.0011622243953775186,0.004266207894411835,0.219529459324386,18.040910434081514
4,87,0.5881060444449168,0.6,6.030834892718482,0.5513874456965719,25.088907703853536,0.0006171131792954525,-0.011951037734634757,0.011966959998709947,0.20214194487907916,18.243052378960595
4,88,0.6199322615132474,0.6,6.026542790518636,0.5251259493753452,25.089957955752286,0.013947349506029338,-0.01218683829977197,0.01852154383382027,0.21109282483398883,18.454145203794585
4,89,0.608788722755542,0.6,6.042184922329322,0.4912965794534434,25.090940548911192,0.0006193358743406506,-0.0020357067147347696,0.002127834287171237,0.21644576996335427,18.67059097375794
4,90,0.6659676062022621,0.6,5.996421748866088,0.53788748019653,25.092016323871587,0.006668125441127557,0.004883705904296575,0.008265257422383999,0.22429976163998275,18.894890735397922
4,91,0.534514025944105,0.6,6.025830151745177,0.6056573134035375,25.093227638498394,0.01434062948153527,-0.010783610908167799,0.017942684251399905,0.23552914666058147,19.130419882058504
4,92,0.67111683586099,0.6,5.9690136740255175,0.5748021536697888,25.094377242805734,0.005846121784816308,0.007776072813422404,0.009728537830658359,0.24659223369487593,19.37701211575338
4,93,0.6907926691046303,0.6,5.974885366971289,0.5345350762370964,25.09544631295821,0.0035864379937827384,-0.012217763346947718,0.01273327446830812,0.25001375681885,19.62702587257223
4,94,0.594656260393036,0.6,6.027336157464815,0.5434356695518701,25.096533184297314,-0.012342916415848466,0.013970653013137426,0.018642068856811665,0.2424847666434779,19.869510639215708
4,95,0.6443839216748927,0.6,5.924379220810893,0.6493755925996197,25.097831935482514,0.018799976919680324,-0.006285575802445898,0.019822905825050127,0.25721344025232573,20.126724079468033
4,96,0.5961741168621711,0.6,5.998907694383769,0.602183003423465,25.09903630148936,-0.010884351308815583,0.013752254204468973,0.01753834653318408,0.2506211819099749,20.377345261378007
4,97,0.5878731999487716,0.6,5.991491201507384,0.6010424856082522,25.100238386460575,-0.022915625738377677,-0.0030147231486169317,0.023113079817371898,0.24401775124813255,20.62136301262614
4,98,0.5995967657884893,0.6,6.0093395617360255,0.5640810470130171,25.1013665485546,0.00780627262470772,-0.0022482656127015147,0.00812358237211375,0.2410536491433649,20.862416661769505
4,99,0.6240443917797901,0.6,6.003481740105615,0.5612028258623979,25.102488954206326,-0.011836954194437468,-0.0022295918297037943,0.012045105409596576,0.2351858660667594,21.097602527836266
5,0,0.6091769848758857,0.6,6.191829053481316,0.2631698618858925,25.000526339723773,0.03562778766908314,0.004809698500346235,0.035950972919484465,0.03152176975588266,0.03152176975588266
5,1,0.5610914829712528,0.6,6.19925838760331,0.2735547653447861,25.001073449254463,0.013229860316358037,-0.0017245859668145705,0.013341791511910195,0.052015288394101716,0.08353705814998438
5,2,0.6318277160857803,0.6,6.12960298316299,0.3597909457362176,25.001793031145937,0.05065142030787197,0.012399405498273602,0.05214701943462658,0.08314909857929555,0.16668615672927994
5,3,0.571612021047235,0.6,6.112205385808243,0.41340976470046537,25.002619850675337,0.020485222528514452,-0.0050900583859132,0.021108127259772746,0.11422004008386367,0.2809061968131436
5,4,0.6350777733220161,0.6,6.095602714002086,0.4056354958062937,25.00343112166695,0.02117571158330942,0.0023345807966231803,0.021304014376531635,0.13395468681594078,0.41486088362908435
5,5,0.6670825879100777,0.6,6.065513702975167,0.42845809777603083,25.0042880378625,0.012652888966114467,-0.02010782268585878,0.02375752790916509,0.15167794210330968,0.566538825732394
5,6,0.5709567057834771,0.6,6.119258649976198,0.40785725784992943,25.0051037523782,0.015875464658402203,-0.006650416181586911,0.017212158885755453,0.16258447531332718,0.7291233010457212
5,7,0.6109632014064923,0.6,6.024426054650989,0.5289614243003576,25.006161675226803,0.029984149816025825,-0.004736040569636581,0.030355877856967424,0.183641543600616,0.9127648446463372
5,8,0.5460098520612627,0.6,6.063785392772804,0.540669099563896,25.00724301342593,0.02368063801729148,-0.015059113515713872,0.028063312648102447,0.19831395397581716,1.1110787986221544
5,9,0.520913364467573,0.6,6.107895192835394,0.45861300635985364,25.008160239438652,0.007139784079222262,0.001008670632573118,0.007210681877806782,0.20159207428405573,1.3126708729062102
5,10,0.570283460592608,0.6,6.07941755846333,0.464247272101032,25.009088733982853,0.012718294947753084,-0.020865100288551878,0.02443578188700679,0.2020815947612747,1.5147524676674848
5,11,0.6511574417663938,0.6,6.0256593563125564,0.5007924783632712,25.01009031893958,-0.009079334887981393,-0.0009302414444422329,0.00912686535197458,0.2059658637560476,1.7207183314235324
5,12,0.6594400884965591,0.6,6.027371623457024,0.4862832459998154,25.011062885431578,-0.017886631465543337,-0.006736641713091397,0.019113187247414492,0.19223154624872085,1.9129498776722533
5,13,0.593140692069734,0.6,6.033877328380433,0.5480173418055806,25.01215892011519,0.020146618843842196,-0.008576702045753996,0.02189625695914026,0.21098752358951622,2.1239374012617693
5,14,0.5714786877585882,0.6,6.082959399795391,0.4685557576993436,25.01309603163059,0.005775814654972842,0.007703308793272121,0.009628135919953698,0.20739538608194918,2.3313327873437184
5,15,0.5465628552476941,0.6,6.057740616525606,0.5489405127713397,25.014193912656133,0.0076411077415449065,0.009896794419358904,0.012503322250384136,0.2180639539925366,2.549396741336255
5,16,0.5681373129918627,0.6,5.999100056551709,0.6072204581483479,25.01540835357243,-0.0021447329948013107,0.005726270172050857,0.006114740362624463,0.2321160666514623,2.781512807987717
5,17,0.595179289241302,0.6,5.938585678214613,0.6794208783739898,25.016767195329177,0.03759287036560868,-0.02305166855043521,0.04409765668700076,0.25793064197001436,3.0394434499577314
5,18,0.5978234646620576,0.6,5.971162716689067,0.6286506839585104,25.018024496697095,-0.02144061507259366,0.005369879144563616,0.022102840919627272,0.23950097476265483,3.278944424720386
5,19,0.6445205943086537,0.6,6.019184848324553,0.5204464885233124,25.01906538967414,-0.003335556916384338,-0.013852775837671983,0.014248696022837603,0.2414128373958927,3.5203572621162786
5,20,0.5572125195457295,0.6,6.021925775389262,0.5910890659363387,25.020247567806013,0.00028338705775373535,0.004740078672770297,0.004748542307756575,0.24829333692574312,3.768650599042022
5,21,0.6040106830412332,0.6,5.969364728482516,0.6329054727716206,25.021513378751557,0.011743850025068208,0.0025011390688312557,0.012007235737376384,0.26073575193337317,4.029386350975395
5,22,0.6358968544459463,0.6,5.992873248140067,0.5673408737831961,25.022648060499122,-0.003704732764200515,0.010402389642495586,0.011042407125642499,0.2544430434957666,4.283829394471161
5,23,0.558554873734046,0.6,6.039990212257909,0.5548347640796368,25.02375773002728,0.015523336791942496,0.005979464913921806,0.016635143095654375,0.2571318299250438,4.540961224396205
5,24,0.5846706297474369,0.6,5.922166942078251,0.7430792267058883,25.02524388848069,0.02062174034077949,-0.0017248231710696091,0.02069374759810293,0.2833048337207678,4.824266058116973
5,25,0.6038764792507876,0.6,5.9778449689800865,0.6244773450842144,25.02649284317086,-0.006567626459289462,0.0034002459825965264,0.007395633174443068,0.2703569669265238,5.0946230250434965
5,26,0.6156327660673357,0.6,5.948500563943601,0.6600813018110709,25.027813005774483,0.015925662133347868,-0.002101888137967623,0.01606376817966691,0.28195144176538234,5.376574466808879
5,27,0.6121318117458197,0.6,5.923734952472422,0.6931524563030086,25.02919931068709,0.023178148482478615,2.3851979152351622e-05,0.023178160755175016,0.29696424145012323,5.673538708259002
5,28,0.5759220774268435,0.6,5.957065371508143,0.6911425913353232,25.030581595869762,-0.006119792396863587,-0.01874313496741068,0.01971692083940295,0.28465289983720476,5.958191608096207
5,29,0.6069109690618801,0.6,5.95809831064412,0.6513398761013196,25.031884275621966,-0.020127581520784865,-0.0006149476428488614,0.020136973419044028,0.27718874508604946,6.235380353182257
5,30,0.5985691144761843,0.6,5.99582319796269,0.600153973012412,25.03308458356799,-0.009160520418549256,-0.00032996480264666097,0.009166461209738658,0.26557206038848247,6.500952413570739
5,31,0.6209767744593832,0.6,5.966440115758278,0.6377983104903386,25.034360180188973,-0.002754206374371241,-0.020051254266521483,0.02023952693155952,0.2533947109313416,6.754347124502081
5,32,0.6222181734680747,0.6,5.966208551945102,0.614335897077193,25.035588851983128,0.011270401205798685,0.003975652156174661,0.011951056581179955,0.2656057366407663,7.019952861142847
5,33,0.579105605532733,0.6,6.014873100787007,0.578565005412756,25.036745981993953,-0.005045393585103517,-0.021936833516946603,0.02250956821395816,0.2588166125686475,7.2787694737114945
5,34,0.6417361023715619,0.6,5.991839035032099,0.5662473958459392,25.037878476785643,-0.008609747379743113,-0.010928966063260302,0.013912945380288417,0.2611635774786295,7.539933051190124
5,35,0.6425462144520744,0.6,5.9811110943468115,0.585347685097043,25.03904917215584,0.015072011471731778,-0.008814470664684639,0.017460252658612944,0.26173711369674907,7.801670164886873
5,36,0.6624237999531445,0.6,5.97577494862523,0.5675290154622417,25.040184230186764,0.008711419756850232,0.020118642631265615,0.02192369985893391,0.2631125847713056,8.064782749658178
5,37,0.5585932446858424,0.6,6.005563514685642,0.6188059318991954,25.04142184205056,0.0007362813823167053,0.008732730483007036,0.00876371450714744,0.25782723125786167,8.32260998091604
5,38,0.5929572750584371,0.6,5.9030461013312365,0.7429185682644827,25.04290767918709,0.02701148390675781,0.0102416493277307,0.028887915186064272,0.2817855076144945,8.604395488530534
5,39,0.5958709449951509,0.6,5.975074271921888,0.627845420213406,25.044163370027515,0.0069149404294023414,-0.0166184836721825,0.017999733350935493,0.28605306046633977,8.890448548996874
5,40,0.5869231763093801,0.6,5.949497481926505,0.6823326447287074,25.045528035316973,-0.011156782531640881,-0.0001932279197126341,0.011158455694552162,0.2929556405607331,9.183404189557606
5,41,0.6416025453881963,0.6,5.8914807275825405,0.6978898051570557,25.046923814927286,0.014451842855554418,0.0037287600885243756,0.014925126924733726,0.30426722649808147,9.487671416055688
5,42,0.6336953360568631,0.6,5.890103789586579,0.7164827381564157,25.048356780403598,0.01662460302240001,0.0014049590743947591,0.01668386452993178,0.312703435794488,9.800374851850176
5,43,0.6039477637420707,0.6,5.913481798723602,0.7206983170696537,25.049798177037736,0.023798975464909583,0.004146742666092209,0.02415753935975595,0.317931388561839,10.118306240412014
5,44,0.572095756977676,0.6,5.931933184380211,0.7042082200204568,25.051206593477776,0.003421830784375637,0.018209392740896755,0.018528111342204424,0.3148523742024915,10.433158614614506
5,45,0.6099087137506691,0.6,5.902872863036832,0.7366495716942157,25.052679892621164,0.0014155640655819472,-0.007200014312908092,0.007337848985216872,0.3055643380983417,10.738722952712848
5,46,0.6183772217386407,0.6,5.9005425843429515,0.7199238677979505,25.05411974035676,0.018488558982869566,-0.0034087441056947078,0.018800168872676524,0.31743284341669226,11.056155796129541
5,47,0.6287583794603754,0.6,5.895497102623929,0.7313641162089717,25.05558246858918,-0.02037537948207894,0.0007077407590065137,0.020387667498286372,0.30048981447916434,11.356645610608705
5,48,0.6087162457557191,0.6,5.943146468902047,0.671969526380904,25.056926407641942,-0.030037591666740252,0.0009725087697778614,0.03005333070468427,0.2963861084598412,11.653031719068547
5,49,0.5874128594414038,0.6,5.961213671343519,0.6702902968072182,25.058266988235555,0.01754266477361324,0.0010481160807228166,0.017573947612248095,0.30088663431495943,11.953918353383507
5,50,0.6478878112860401,0.6,5.919717206305282,0.6637432910887132,25.059594474817732,-0.020799723361001415,0.0027623985201997376,0.020982357767386148,0.28165996383676367,12.235578317220272
5,51,0.5884158412888674,0.6,5.993993676205514,0.6118454710711567,25.060818165759876,-0.006984956964052915,-0.000384766582389533,0.006995546376988365,0.2772415082275156,12.512819825447787
5,52,0.6275333377800054,0.6,5.931838684268789,0.6588028362320596,25.06213577143234,-0.005986467845915515,-0.005069066148368307,0.007844311881020149,0.28356050083805395,12.79638032628584
5,53,0.6366582922481151,0.6,5.910187576983384,0.6964174396822737,25.063528606311706,0.010625716863037434,-0.004939267070859207,0.011717602914022653,0.29332778664766684,13.089708112933508
5,54,0.5581732037329289,0.6,5.959588141216086,0.6733512315103874,25.064875308774727,-0.017358607193317492,0.022542836988049625,0.028451726540961834,0.27993041143186387,13.36963852436537
5,55,0.6150207610247083,0.6,5.929541843571826,0.6761907550612591,25.06622769028485,0.007900442085494917,0.01602863629377136,0.017869923519261737,0.2886637374743584,13.65830226183973
5,56,0.560888105305436,0.6,5.98328917877334,0.6504109341238947,25.0675285121531,0.022762982971652954,-0.005666030246377041,0.02345756365270319,0.2944532556358719,13.952755517475602
5,57,0.5810876684760234,0.6,5.9671467083404695,0.6708330522258934,25.06887017825755,-0.007886065465937963,-0.009880966879686112,0.012642133325135961,0.2849752725032458,14.237730789978848
5,58,0.6291562382576052,0.6,5.977594942620232,0.5902377110473176,25.070050653679647,0.0003390869372313634,-0.003394543214647791,0.0034114371732617776,0.28142433803394235,14.51915512801279
5,59,0.5665430908262058,0.6,5.996656868063383,0.6139393967006869,25.07127853247305,0.009663254788291633,0.019608808125139106,0.021860554640538345,0.2827121136807707,14.80186724169356
5,60,0.6285969819634539,0.6,5.94922708221703,0.6500791915020564,25.07257869085605,-0.004809209066577735,-0.009538044202725639,0.010681890238118049,0.28916879887291297,15.091036040566474
5,61,0.6408351039674456,0.6,5.948432825084362,0.6344514142134001,25.07384759368448,0.0004614612198842998,-0.006970730723601832,0.006985988353728027,0.27860743444691705,15.36964347501339
5,62,0.5873652423171282,0.6,5.960879575158129,0.6518861815063552,25.075151366047493,-0.01049142033561562,0.010104275531255088,0.0145659288982917,0.28282003146268225,15.652463506476073
5,63,0.635220669993383,0.6,5.923484431404191,0.6739377176296467,25.07649924148275,0.012969786851183794,0.0031403384364714557,0.013344553063355852,0.28949982243929784,15.94196332891537
5,64,0.6549944201038603,0.6,5.918380062046871,0.6684454983159225,25.077836132479383,0.004410345028864058,0.015723303175352248,0.016330137966890174,0.28309960802729117,16.225062936942663
5,65,0.5666074410325144,0.6,6.005028448942736,0.6014152638390526,25.07903896300706,-0.0012949275907936596,-0.0031746221716007195,0.003428565793129474,0.28136472532205764,16.50642766226472
5,66,0.6493803849154409,0.6,5.937787071644745,0.640621016706823,25.080320205040476,-0.01682650313090396,-0.017317313464679265,0.024145818545832788,0.27420753307572104,16.78063519534044
5,67,0.5896204972138878,0.6,5.988581723177459,0.6215949479393414,25.081563394936353,-0.021458231892379172,-0.010051444309566716,0.023695722159399146,0.27628570518024603,17.056920900520687
5,68,0.5951557431624546,0.6,5.971464604104542,0.657017142948255,25.08287742922225,-0.001811441802134273,0.0027441699528200866,0.0032881286672635027,0.27972365760725176,17.33664455812794
5,69,0.6170668691030264,0.6,5.958328190235573,0.6282764923312784,25.084133982206914,-0.012906565048274882,2.7175398906808908e-05,0.012906593657803618,0.2707515837708335,17.607396141898775
5,70,0.5920756154602337,0.6,5.978159160821802,0.624401014209892,25.085382784235335,-0.0020788171472379794,-0.0030713172015868406,0.003708701940627458,0.273898552038915,17.88129469393769
5,71,0.584513294240834,0.6,5.999356180791493,0.6132572050365531,25.08660929864541,-0.00985725421776533,0.004693722253387501,0.010917714472617307,0.2720183254205538,18.153313019358244
5,72,0.5644012922279164,0.6,5.990685826393757,0.6349460320801057,25.08787919070957,-0.0004222684853934077,-0.011385678703154767,0.011393506492964686,0.2608696964625717,18.414182715820814
5,73,0.5608151121694737,0.6,6.020078128989442,0.5839434635037903,25.08904707763658,-0.009508953486261282,-0.009916283583780206,0.013738736350837708,0.25589627398539816,18.670078989806214
5,74,0.5847860919447987,0.6,5.984933162915939,0.63180073210989,25.0903106791008,0.004369438296649758,-0.005633093592639145,0.007129076689983194,0.2623354570312846,18.932414446837498
5,75,0.6143422973166816,0.6,5.957844783219333,0.6478050867771331,25.091606289274353,0.008561038944307944,-0.008377762593852058,0.011978242520708287,0.27287437049231983,19.20528881732982
5,76,0.6193720609375615,0.6,5.92126284864991,0.6799942741218609,25.092966277822597,0.012758566662346347,0.02337409661478276,0.0266294839573495,0.2846788183963975,19.489967635726217
5,77,0.5502590373412739,0.6,6.008583170010507,0.6198204232363891,25.094205918669072,-0.01688075650758172,-0.01572796452548173,0.02307225191399995,0.2822827305212957,19.772250366247512
5,78,0.5766691999846028,0.6,5.930825842955937,0.7261611186878119,25.09565824090645,0.006771246425917254,-0.0021716311572416696,0.007110960557027438,0.2963210972070409,20.068571463454553
5,79,0.5698029935130539,0.6,5.97844496510819,0.6379733884713856,25.09693418768339,-0.0015993851927125627,-0.002040078724765029,0.0025922874450776305,0.2980492996600806,20.366620763114636
5,80,0.5780446374958934,0.6,5.985677067374395,0.62213387651305,25.09817845543642,0.006541951495481969,-0.0034198227768405228,0.007381891166512548,0.29133417156231883,20.657954934676955
5,81,0.5618593649317953,0.6,5.9821849022635005,0.6481398211818475,25.099474735078783,0.0056003639077536775,0.014403036410176227,0.015453528196891872,0.2867871585217747,20.94474209319873
5,82,0.5799591991374814,0.6,5.935048200833808,0.7346745326440686,25.10094408414407,0.027267775448538395,0.002080695296299638,0.027347045010895726,0.2980116707761567,21.242753763974886
5,83,0.6386690968542714,0.6,5.955710125369094,0.6130586870674504,25.102170201518206,-0.007910756945743315,-0.001527944634020866,0.008056965325683067,0.29391826470281907,21.536672028677703
5,84,0.6022130343658928,0.6,5.966923973893593,0.6341192712951202,25.103438440060796,-0.017474971788268068,-0.007421521616503846,0.018985616189763205,0.2845188333300497,21.821190862007754
5,85,0.639583048982403,0.6,5.9520734196791185,0.6346675396349601,25.104707775140067,-0.005443481931277827,-0.009723179180265173,0.01114323601597356,0.27666538407832064,22.097856246086074
5,86,0.5790078652420241,0.6,6.021560503085213,0.5811381046971373,25.105870051349463,0.012049003605023707,-0.011446926312425975,0.016619585129478545,0.276194367855814,22.37405061394189
5,87,0.5713306661541341,0.6,5.998460718125402,0.6046325733214677,25.107079316496105,-0.005291023922853328,-0.004132170283518081,0.006713401924821433,0.27766226087297086,22.651712874814862
5,88,0.6168236991330602,0.6,5.956081222463133,0.6455737061368896,25.10837046390838,0.01198742217199853,-0.0021321523687182105,0.012175564219088683,0.281428919476998,22.93314179429186
5,89,0.5761876569764988,0.6,5.989095068258402,0.6212324520743805,25.109612928812528,-0.027725766503180323,0.006129523681830006,0.028395231796113075,0.2708294462006422,23.203971240492503
5,90,0.5685901446268509,0.6,6.0177717466983225,0.5930277548762176,25.11079898432228,0.005600053098299761,-0.012743193677344168,0.013919395813112046,0.27504204678604016,23.479013287278544
5,91,0.6585884805429111,0.6,5.938606539894421,0.6285252538576221,25.112056034829994,-0.025635743141260214,0.001649127292546986,0.02568873191170972,0.26351453677858333,23.742527824057127
5,92,0.6341785262065985,0.6,5.973259807204833,0.5966354014832285,25.11324930563296,-0.013181170133472033,0.00795549551769407,0.015395881105658928,0.26428176857345775,24.006809592630585
5,93,0.648613137138627,0.6,5.960327899732212,0.6054359888853791,25.11446017761073,0.005484239442916362,0.003636978927133631,0.006580615319531576,0.266703974053337,24.27351356668392
5,94,0.5587022948772761,0.6,5.999987824791614,0.6247302660245103,25.11570963814278,-0.0009357497791021288,-0.000587261933689386,0.00110476433136225,0.2731599162781432,24.546673482962063
5,95,0.6020397055141777,0.6,5.981953017274343,0.6075034173364484,25.116924644977452,-0.004827200354204765,0.01945761391306327,0.020047458752906012,0.2663387451958836,24.813012228157948
5,96,0.609218799048081,0.6,5.9393340889588515,0.667652870489639,25.118259950718432,0.005293843409942949,0.008528890972688772,0.01003826475408018,0.2754143690747564,25.088426597232704
5,97,0.5945471962975036,0.6,5.96970673230886,0.6372333077130393,25.11953441733386,0.000654675131645837,0.004476832157426564,0.004524447556748125,0.2563917473849718,25.344818344617675
5,98,0.5996276794699691,0.6,6.020380026748905,0.5380146209205626,25.1206104465757,0.002406417330382365,0.0016110632224167845,0.0028959228364354847,0.2541306582111698,25.598949002828846
5,99,0.6258121291364707,0.6,5.939237305841447,0.6543556242169127,25.121919157824134,-0.004337903945078759,-0.0008059851615012545,0.004412144911184362,0.26191791171098017,25.860866914539827
6,0,0.6079051504665685,0.6,6.092768098428869,0.42490360109891134,25.000849807202197,0.03982417978006437,-0.003937337116943893,0.040018344777456145,0.05193273615950027,0.05193273615950027
6,1,0.6843752123339805,0.6,6.092906468935158,0.3774686769614482,25.00160474455612,0.03445121705489594,-0.003770512062727785,0.034656934627556556,0.0835919882892541,0.13552472444875435
6,2,0.6789669433922544,0.6,6.091628885506846,0.38129200364444527,25.00236732856341,0.021005319252737954,-0.00011555520224301364,0.02100563709850785,0.11127453945115369,0.24679926389990803
6,3,0.7104850649021449,0.6,5.9926210490578375,0.501942649742629,25.003371213862895,0.028457012558120328,-0.002346943543229201,0.02855362862629062,0.14454199222921438,0.3913412561291224
6,4,0.6063437627905401,0.6,6.04209004664266,0.5213151430591653,25.004413844149013,0.024283677753109516,0.004723278861857373,0.024738762467507034,0.17508510113200848,0.5664263572611309
6,5,0.6156860481430104,0.6,5.975424061524406,0.6014566647816091,25.005616757478577,0.035592549214167,0.005921490907817339,0.0360817629022511,0.20323964880851564,0.7696660060696465
6,6,0.669148502927684,0.6,6.031806290931702,0.48762929130886296,25.006592016061195,0.007131899764531193,0.023602285856534146,0.024656274899199027,0.21105099977695183,0.9807170058465984
6,7,0.6001757794898317,0.6,5.981698486737113,0.6240449383816513,25.00784010593796,0.01078972420256955,0.02160013108370735,0.024145057697194588,0.23150135582996206,1.2122183616765605
6,8,0.6005236490045038,0.6,6.006933635114408,0.5818626415522662,25.00900383122106,0.0017712986330557165,0.005668693724410713,0.005938988751348032,0.24334820322084755,1.455566564897408
6,9,0.6251771949549969,0.6,6.005364690129364,0.5580761024925587,25.010119983426048,-0.006589989215893305,0.001926161100346126,0.006865715873095584,0.24784894132289803,1.7034155062203062
6,10,0.6295857132949797,0.6,5.975797426140021,0.5832201696748155,25.011286423765398,-0.008557032949643696,0.00896167193749268,0.012390898951106481,0.2556298685497823,1.9590453747700884
6,11,0.5498280049807107,0.6,6.001218099490518,0.6205761463318564,25.012527576058062,-0.0013949752344475878,0.002547155366937834,0.0029041274710388167,0.26365035006849186,2.22269572483858
6,12,0.6345656976087184,0.6,5.976575725661988,0.591544021460005,25.013710664100984,-0.012863989191291544,0.020081492793769584,0.0238484500699707,0.255044519540839,2.477740244379419
6,13,0.6078798974933839,0.6,5.932966430193398,0.6821455017624423,25.01507495510451,0.05294020525771566,-0.015101996439781412,0.05505211739067113,0.2749189813074491,2.7526592256868683
6,14,0.6193184609433544,0.6,5.970688963963416,0.631953812020776,25.016338862728553,0.006458944556560139,0.011045544214720489,0.012795390255246735,0.28546248018075027,3.0381217058676184
6,15,0.6017566559489337,0.6,5.948952962372026,0.6600231840817424,25.017658909096717,0.0005320170034947011,-0.013301944123244955,0.013312578996946402,0.2922550799031432,3.3303767857707616
6,16,0.5836976211219761,0.6,5.888147810024507,0.7795461269846784,25.019218001350687,0.03301240489333362,-0.0027355577790782967,0.03312555136452936,0.31409757920232334,3.644474364973085
6,17,0.6062483796551701,0.6,5.957494504118559,0.6673750335070552,25.0205527514177,-0.005010860458809507,-0.004582291537024826,0.006790148618988392,0.31777749460351296,3.9622518595765976
6,18,0.6052463497636992,0.6,5.925507764066533,0.7096211998193379,25.02197199381734,-0.001646253574492263,-0.008125160461856011,0.008290258341115598,0.3106165055610115,4.272868365137609
6,19,0.6292506231466347,0.6,5.899190261334843,0.7149817985293717,25.023401957414396,0.045204432084213736,0.023151706340059447,0.05078820912881887,0.3178043354955541,4.590672700633163
6,20,0.6006633705455319,0.6,5.893265947428171,0.7597106421481711,25.024921378698693,-0.013877885448176527,-0.009601055659442864,0.01687530664279703,0.3234221679236752,4.9140948685568375
6,21,0.5938174909745775,0.6,5.923363883830771,0.7115263447773559,25.026344431388246,-0.010065341427570715,-0.0016615313560795224,0.010201557944785038,0.3192449584914429,5.2333398270482805
6,22,0.5983202989636368,0.6,5.919102412897784,0.705452982843416,25.027755337353934,-0.013040991288612561,-0.008348071635345082,0.015484112949036564,0.3095063461354758,5.542846173183756
6,23,0.6091035780200798,0.6,5.8746337217504685,0.7859589414739995,25.029327255236883,0.02297287247495348,-0.01736241804300151,0.028795944680638966,0.32690953544202295,5.869755708625779
6,24,0.5988627916765203,0.6,5.934887710157233,0.6870148082648371,25.03070128485341,0.0011118999933004375,-0.009804592455621559,0.009867439121470813,0.3264507408067453,6.196206449432524
6,25,0.5726622941508296,0.6,5.952823910775813,0.6980465277226728,25.032097377908855,0.0013661405799802566,-0.002863182808100257,0.003172405377134149,0.3241279943108689,6.520334443743393
6,26,0.5782598131454729,0.6,5.939395090527221,0.7102559802477579,25.03351788986935,0.011156501502738583,0.012741550275151841,0.0169356024160592,0.3238680163588465,6.84420246010224
6,27,0.6050258814115371,0.6,5.901880987528574,0.7454449565026754,25.035008779782356,-0.001874016749506371,-0.009205381630914403,0.009394199792861909,0.3108342343290727,7.155036694431312
6,28,0.6205818661223885,0.6,5.893439832209452,0.7276507914865651,25.036464081365327,-0.00923995552293639,-0.006861018211613559,0.011508707528038743,0.2995480698719398,7.454584764303252
6,29,0.6289833788867911,0.6,5.926723901878816,0.6794106749032441,25.037822902715135,-0.014937678831136506,-0.006884461387207981,0.01644779795152352,0.2896711566015899,7.744255920904842
6,30,0.5625563207892437,0.6,5.957208760404078,0.6849155353811256,25.039192733785896,0.03292995543960808,-0.0032577632458502836,0.03309070846356401,0.29460403555032877,8.038859956455171
6,31,0.632302435464479,0.6,5.939610714791603,0.6719263934355167,25.040536586572767,0.0034895227101874524,-0.001987198463087681,0.0040156850569500625,0.2896194747057009,8.328479431160872
6,32,0.6393867351115214,0.6,5.841966634388457,0.8057591027880744,25.04214810477834,0.01762624688726745,-0.0008332628524667476,0.017645931721283703,0.3124105960124528,8.640890027173326
6,33,0.6417882694859641,0.6,5.903497754812535,0.6997256660160858,25.043547556110372,-0.007812850095769295,-0.025752026267692657,0.026911103349935225,0.31848008090338215,8.959370108076708
6,34,0.6203144024885787,0.6,5.920876855745386,0.7062092026386898,25.04495997451565,-0.0023715291797356246,-0.0076630965194708104,0.008021670581435214,0.3142710167693296,9.273641124846037
6,35,0.5528337684442441,0.6,5.98108555684541,0.6510506460811805,25.04626207580781,-0.009027013502920591,-0.0016028622042862791,0.009168213567966235,0.31444807958760174,9.588089204433638
6,36,0.6292488338650661,0.6,5.923352749270784,0.6808942247080441,25.047623864257226,0.015875958276117985,0.0034900356209017504,0.016255042289093014,0.3190268042737498,9.907116008707387
6,37,0.6232743373867417,0.6,5.92744516052869,0.6836799875671125,25.04899122423236,0.01464868865526535,0.008893759081552545,0.017137182671594482,0.3228660262304663,10.229982034937853
6,38,0.517780081262008,0.6,5.95433949913701,0.7554828585437823,25.050502189949448,-0.0025370441320409264,0.015184829257797213,0.015395312030497385,0.32796014005187574,10.557942174989728
6,39,0.5829508788923845,0.6,5.909601374985404,0.7470768526129633,25.051996343654675,-0.004789321598839265,-0.0077714750954831074,0.009128714396716685,0.33351877130054236,10.891460946290271
6,40,0.5818634697057284,0.6,5.88353839648786,0.7940578273751845,25.053584459309427,0.011573916551102464,0.007429509766083332,0.013753296321108301,0.34862635673879827,11.24008730302907
6,41,0.6613313429284225,0.6,5.819845795680982,0.8211530184528292,25.055226765346333,0.022679218631694732,0.0009143683319114727,0.022697643648418926,0.3582036101984974,11.598290913227567
6,42,0.5761563233653687,0.6,5.886297450655309,0.8044117246176085,25.05683558879557,-0.0026411696087670668,-0.0019353711101102694,0.0032743607370178743,0.35848582734824175,11.956776740575808
6,43,0.6416839189164393,0.6,5.7949889467372335,0.8712376550546497,25.058578064105678,0.02056495112292355,-0.015064631659717182,0.02549235849683563,0.3704095651573892,12.327186305733198
6,44,0.5757531650352344,0.6,5.897495814552259,0.7584900702776145,25.060095044246232,-0.007888059267201326,-0.006110659144951346,0.009978057636066162,0.36933896112726705,12.696525266860466
6,45,0.5832809554798944,0.6,5.8556448120728914,0.8417756655364839,25.061778595577305,-0.01735317272309378,-0.002387763168452323,0.017516678238357394,0.3613165668131143,13.05784183367358
6,46,0.5620293148308141,0.6,5.895917464349673,0.8233630928021356,25.06342532176291,-0.007105882908853095,-0.0016562878329314595,0.007296359455224729,0.3508937804488097,13.408735614122389
6,47,0.6300796468768767,0.6,5.860812542747654,0.7961145751698582,25.06501755091325,-0.014455833359697072,-0.0029623165439820725,0.014756233849803296,0.34775333950931414,13.756488953631703
6,48,0.6483849400813273,0.6,5.846862009955909,0.7964390626776118,25.066610429038604,-0.011793177161528574,0.005373967468768181,0.01295988248089379,0.33183743963117485,14.088326393262877
6,49,0.6149764684136351,0.6,5.913687157750133,0.7313253466742385,25.068073079731953,0.005728589788593321,-0.010170162016248128,0.011672571970337636,0.33748048015970505,14.425806873422582
6,50,0.6547096075784102,0.6,5.859050115492983,0.7595088442603312,25.069592097420472,-0.008459801921098416,-0.008756818272205504,0.012175800376018517,0.32120900557678417,14.747015878999367
6,51,0.6049342822463986,0.6,5.898474930874379,0.7510213057835396,25.071094140032038,0.0055793124366209194,0.004182033486531168,0.006972670316880105,0.33122791810380003,15.078243797103166
6,52,0.5804598143338948,0.6,5.895253627804729,0.7567455529125261,25.072607631137863,-0.032076974242370396,-0.01859523605626927,0.03707715038314124,0.31724784578874454,15.39549164289191
6,53,0.579390551503108,0.6,5.907937429280994,0.7459028704374778,25.07409943687874,0.01980802186702771,0.009828412198173899,0.022112336299492674,0.3256661295491096,15.72115777244102
6,54,0.5890420511262049,0.6,5.90244423533874,0.7375621945427279,25.075574561267825,-0.020563190966653173,0.007337234878550057,0.021832998841067576,0.32142988624396535,16.042587658684983
6,55,0.6050972274952038,0.6,5.910112576925709,0.730199934299405,25.077034961136423,0.024051787498715407,0.013968490876314008,0.027813795484346083,0.32424640951287903,16.36683406819786
6,56,0.5936514749445856,0.6,5.934938348202038,0.7082509344319967,25.078451463005287,-4.2825585511712056e-05,-0.004935318504950362,0.0049355043081816775,0.32349349587548704,16.690327564073346
6,57,0.5651669280890517,0.6,5.956058022479589,0.7126822052420105,25.07987682741577,0.0015782720512924,0.004282922606938115,0.004564468065931922,0.3271079181155733,17.01743548218892
6,58,0.5773197001930537,0.6,5.927263829664493,0.7395229677731114,25.081355873351317,0.010347258242231032,0.006605708080415788,0.012276038952980252,0.3287425336616591,17.34617801585058
6,59,0.5905326414559204,0.6,5.859734659986297,0.8221722509933218,25.083000217853304,-0.0008511422030147448,-0.00027848380506712505,0.0008955424498243831,0.3436088988335762,17.689786914684156
6,60,0.5715459083240965,0.6,5.9193703796886465,0.7557323146584917,25.08451168248262,-0.009921461928495157,-0.008531286248616413,0.013085039237786426,0.3378374536161773,18.027624368300334
6,61,0.6357123237082704,0.6,5.8413143958731695,0.7885863062470755,25.086088855095113,-0.03521711677282772,-0.003161415757497162,0.035358731077100816,0.3257523561803202,18.353376724480654
6,62,0.5936081442788771,0.6,5.93267804873732,0.6934322554385858,25.08747571960599,-0.009134637620525177,0.01817826413261076,0.020344308573487492,0.3257542749646824,18.679130999445338
6,63,0.639362879936231,0.6,5.901114985006388,0.7202493235675865,25.088916218253125,0.015225764329976028,0.002310186822172762,0.015400028005991127,0.32583821798458046,19.004969217429917
6,64,0.601093361016907,0.6,5.9152537638799165,0.7261538768681728,25.090368526006863,-0.017361343890149587,-0.015230001361792946,0.02309478735888792,0.3182590802564276,19.323228297686345
6,65,0.6102109131424021,0.6,5.913903666064332,0.726896390623424,25.09182231878811,-0.008953882482136067,0.01010693715987805,0.013502673448529626,0.3240568026046052,19.64728510029095
6,66,0.624431962032604,0.6,5.912450594210508,0.7017230308741103,25.09322576484986,-0.022896134408632973,-0.005680857202871936,0.023590360519025747,0.32021884694397146,19.96750394723492
6,67,0.602764785621466,0.6,5.921461173849569,0.7192546483769588,25.094664274146613,-0.0011200620033856494,-0.010489003714627146,0.010548636775284772,0.3190393967967208,20.286543344031642
6,68,0.6156087909429372,0.6,5.881467095324217,0.7633467297672131,25.096190967606148,0.022623496896631456,-0.002013845432827442,0.022712951927462293,0.3322075057988812,20.618750849830523
6,69,0.5839625615724667,0.6,5.866405633453292,0.8281769204763328,25.0978473214471,0.03335121512206883,0.0021440601326098243,0.03342006199830813,0.35009200253882583,20.96884285236935
6,70,0.596445601442854,0.6,5.853190412986885,0.8252976945771726,25.099497916836256,-0.005552680815235165,-0.003313086360295018,0.006465972894054966,0.3323096741043823,21.301152526473732
6,71,0.6400909023284836,0.6,5.876897008280776,0.7606339819711073,25.101019184800197,0.0008985726485583306,-0.005847709364174684,0.005916344953820173,0.34107857412556747,21.6422311005993
6,72,0.5925546791196531,0.6,5.871761972990906,0.8103299891249921,25.102639844778448,-0.005439681225447296,-0.013293365693342671,0.01436327620327005,0.32588750879433387,21.968118609393635
6,73,0.6569837914597008,0.6,5.89546422754969,0.7059439190595678,25.10405173261657,-0.0021835092005637684,-0.0032328863625550033,0.0039011878527111135,0.32388829009570375,22.292006899489337
6,74,0.6330300968365244,0.6,5.916178910651784,0.7245389157074587,25.10550081044798,0.01202024618857047,0.016683110596343254,0.020562404956708333,0.3298617159818162,22.621868615471154
6,75,0.5776872955878313,0.6,5.938412235409891,0.6963030606292362,25.10689341656924,-0.023606580477198765,0.007315925050221388,0.02471423478821302,0.32932471315907536,22.95119332863023
6,76,0.6190720905555135,0.6,5.8755477044498505,0.7916928216899155,25.108476802212618,0.008607628263238607,-0.0055396474079057794,0.010236159324767338,0.3388056232928901,23.28999895192312
6,77,0.5795412070088481,0.6,5.880334809098712,0.8105045776708022,25.11009781136796,-0.01670333213489467,0.022948811662553914,0.028383961336148546,0.3108600738135278,23.60085902573665
6,78,0.6544499425152824,0.6,5.88711775695857,0.7186086525630484,25.11153502867309,0.0038153953387429157,-0.0022139049834706405,0.004411192227361816,0.31404056434840305,23.914899590085053
6,79,0.6108643467057904,0.6,5.926410697881677,0.6956887398856968,25.11292640615286,0.0012190330244307773,-0.011557924789632029,0.011622033684232869,0.3170025187134978,24.23190210879855
6,80,0.5709945239828422,0.6,5.9322759197423185,0.7311396875892066,25.114388685528038,0.00974052655178336,-0.020492319132446663,0.022689490980011787,0.32547280573206927,24.55737491453062
6,81,0.6143205498890946,0.6,5.887075578540105,0.747080144898952,25.115882845817836,-0.011893481527570944,0.013637425928273423,0.018095145448318882,0.3163587238771811,24.8737336384078
6,82,0.6091256592860933,0.6,5.885248268276908,0.7656612929541129,25.117414168403744,-0.003926926963462037,0.01178031235143372,0.012417588915474172,0.3244642314674788,25.19819786987528
6,83,0.6052280057865992,0.6,5.91739143649914,0.7322914571422877,25.11887875131803,0.0024951078253147474,0.01663038957754906,0.016816522249293975,0.32910429035767946,25.52730216023296
6,84,0.5402747709355814,0.6,5.950426828715002,0.7329292375141584,25.120344609793058,-0.002973096345371663,0.00877505062836434,0.009265031862288425,0.3236786354778736,25.850980795710832
6,85,0.6367250064913759,0.6,5.919007503813597,0.6831221816750397,25.121710854156408,0.011168292663118017,0.007845553343209962,0.013648570191423303,0.3259317749410992,26.176912570651933
6,86,0.5796532047203429,0.6,5.869723912038481,0.8074012522928985,25.123325656660995,0.0180444321815919,0.006126807853910978,0.019056214399371527,0.3408029175856677,26.5177154882376
6,87,0.6555362119411274,0.6,5.859948373147994,0.7562230832694137,25.124838102827535,-0.0009095614705186259,0.021106085335880192,0.021125674906949336,0.33689051287894106,26.85460600111654
6,88,0.5876540819721244,0.6,5.844939985030745,0.8690132614943626,25.126576129350525,0.004625490931629275,-0.003350913003517865,0.005711723410296561,0.35333231695969963,27.20793831807624
6,89,0.5962783592078266,0.6,5.824946533692092,0.8600797160194082,25.128296288782565,0.03344357115095996,-0.005657813285456108,0.03391877507373173,0.3722663699703383,27.580204688046578
6,90,0.62416796656193,0.6,5.808444296375378,0.8857884367022443,25.13006786565597,0.02360702392621685,-0.027162803092175745,0.03598762913109569,0.3864850766326174,27.966689764679195
6,91,0.5884752237705567,0.6,5.845387863131546,0.8480137924774525,25.131763893240926,0.0021469846817061483,-0.0039806148096566425,0.004522702453880714,0.38834797686792766,28.35503774154712
6,92,0.6167181731542151,0.6,5.842673774408793,0.824812770710713,25.133413518782348,0.007302821691150923,0.002890058923953664,0.007853893635431323,0.38762640945723464,28.742664151004355
6,93,0.5909844189361123,0.6,5.857270791522988,0.8568750938569848,25.135127268970063,0.0037764609965585862,0.005373801933590323,0.006568059445527832,0.37932734461219886,29.121991495616555
6,94,0.5908598860116032,0.6,5.8555030403219845,0.8174155590060566,25.136762100088074,-0.019871822063965032,-0.0017012230475116602,0.019944509820982625,0.3673033698388401,29.489294865455395
6,95,0.6357334380279278,0.6,5.846580486160863,0.7947657021552911,25.138351631492384,0.004392639309396028,-0.005481374677891694,0.007024297008376247,0.36173092863756706,29.851025794092962
6,96,0.6086075064984372,0.6,5.822379210039361,0.8763076155965837,25.140104246723578,0.009052161479028983,0.009696237292240466,0.013264940447278717,0.3688153892157225,30.219841183308684
6,97,0.6053734718920828,0.6,5.860451824880055,0.8206957561356203,25.14174563823585,-0.016762797429043796,-0.016645732509676436,0.023623543096471713,0.35074735152802927,30.570588534836713
6,98,0.5821096459172748,0.6,5.903259928226295,0.7575331844562749,25.143260704604764,-0.014118938965394592,0.01084747576637705,0.017804835523269377,0.3434364836106424,30.914025018447354
6,99,0.5709916658597833,0.6,5.858293610269188,0.8336740719630157,25.14492805274869,0.016992785000475075,0.011899780497958272,0.020745108290195997,0.35844599801756405,31.27247101646492
7,0,0.6138322677893379,0.6,6.112489578777448,0.38289593625516394,25.00076579187251,0.04547699300063547,-0.015514411382363107,0.048050534366654504,0.0472678170525735,0.0472678170525735
7,1,0.5976714103001666,0.6,6.030272557241463,0.529464503457119,25.001824720879423,0.05267441187614766,0.007977949422628427,0.05327514752197372,0.1006456251302986,0.14791344218287208
7,2,0.6576886657774451,0.6,6.013989316924486,0.5275668464533997,25.00287985457233,0.05341584497631647,0.007085199408280056,0.05388369461338899,0.1426955415294582,0.2906089837123303
7,3,0.6626252065933668,0.6,6.001567712267376,0.5382793736933355,25.003956413319717,0.025986261162508878,0.007908615021587522,0.027163062433492233,0.1690395249393387,0.45964850865166895
7,4,0.618000109428579,0.6,5.982679547834913,0.606355208438564,25.005169123736593,0.041823199300843786,-0.017722311199804223,0.04542312532202959,0.20059775019435658,0.6602462588460255
7,5,0.627050748447622,0.6,6.051698535283053,0.46738426125158833,25.006103892259095,0.007737274042622645,-0.004637044471339729,0.009020398607590715,0.20561391780435634,0.8658601766503818
7,6,0.6176260766162618,0.6,5.914555712062434,0.7247843719793563,25.007553461003052,0.0337419975385933,-0.004347906467499012,0.03402097424449447,0.2391137722415424,1.1049739488919244
7,7,0.6455185571433648,0.6,5.9107427171233375,0.6782801057044404,25.00891002121446,0.02171053677195361,0.00363084665238542,0.022012052479028127,0.2578502524103273,1.3628242013022516
7,8,0.5852713349399415,0.6,5.957928132986802,0.6631904989536912,25.010236402212367,0.03434659761512591,0.0043955020603130765,0.03462671232008013,0.27038086373606546,1.633205065038317
7,9,0.569867826535602,0.6,5.974061433759529,0.6608779076751482,25.011558158027718,0.037131207102807054,-0.004359241229520886,0.037386221058147935,0.2820309438607206,1.9152360088990377
7,10,0.5731962864954313,0.6,5.979639085886386,0.6231037721506044,25.01280436557202,-0.0017208489144097546,-0.003684154413875956,0.004066240859996726,0.2834017800901256,2.1986377889891635
7,11,0.6474374686721731,0.6,5.918733538160133,0.6740043516301628,25.01415237427528,0.004133778189035176,-0.010237014524008546,0.01104013534703741,0.2933739667190576,2.492011755708221
7,12,0.6034046856686685,0.6,5.954526366578711,0.6627442931925823,25.015477862861665,-0.0044685343302355435,-0.00479297397554433,0.006552892383576801,0.29843722736897277,2.790448983077194
7,13,0.6098547859746534,0.6,6.003360965662158,0.5829248549207892,25.016643712571508,0.003922032516431217,-0.005070599561429888,0.006410407083198131,0.29713842735187573,3.0875874104290695
7,14,0.599150686043046,0.6,5.9194318967274056,0.7135370935199038,25.018070786758546,0.00472380637019095,0.004056522298046535,0.0062265335281844695,0.31038937604274053,3.3979767864718102
7,15,0.6103382919797422,0.6,5.770875011279084,0.962805880490791,25.019996398519528,0.04558680838021277,-0.006475380256858187,0.04604440951695597,0.34734911008225705,3.7453258965540672
7,16,0.6222271730497019,0.6,5.8468096603938555,0.8118072862818543,25.02162001309209,0.009556253103209188,0.017564786430302216,0.019996092011058664,0.3610532398090375,4.106379136363104
7,17,0.6129279726702526,0.6,5.829933637889348,0.8510912797473034,25.023322195651584,0.0018197674782278773,0.005956119532945486,0.006227914062151998,0.37342832017368716,4.479807456536792
7,18,0.6080809634513152,0.6,5.844745466070155,0.8366043988170595,25.024995404449218,-0.019221710770203113,0.002449852070881173,0.019377201554985773,0.3643324686568637,4.844139925193655
7,19,0.6085605727433628,0.6,5.769936667540223,0.9773522161105953,25.02695010888144,0.037307271998041514,0.004318854841446306,0.037556424897443805,0.39402269920630384,5.238162624399959
7,20,0.5940879927995701,0.6,5.850001977471128,0.8351111189042015,25.02862033111925,-0.0077297447835952115,0.00205656674019517,0.007998651209822464,0.3864835365604615,5.62464616096042
7,21,0.5458172820724843,0.6,5.881318905907046,0.8430870297746266,25.0303065051788,-0.008108095629684117,-0.0004961065867999778,0.008123258981810749,0.3830709045159865,6.007717065476407
7,22,0.6020835101868734,0.6,5.789839010092524,0.8980967130329899,25.032102698604866,0.010693884155668767,0.006801457660218328,0.01267355453843183,0.3981684108037938,6.405885476280201
7,23,0.6198059290978051,0.6,5.771984218272617,0.9433277368995564,25.033989354078667,0.014878591915563183,-0.0192070559892993,0.024295750598940964,0.4110038168131958,6.816889293093396
7,24,0.5793701916943175,0.6,5.79461074380786,0.9363889297527425,25.035862131938174,-0.0031817989268571253,0.010614349597626391,0.011080986499025287,0.3996224868057208,7.216511779899117
7,25,0.6957807262302431,0.6,5.7535961577621535,0.8693363824646844,25.037600804703104,0.009438964944029748,-0.011247027147637333,0.014682972412775067,0.3973098978305518,7.6138216777296694
7,26,0.5980987873831307,0.6,5.823857549813679,0.8734864342848399,25.039347777571674,-0.008233090456450346,0.018904037030816556,0.020619078411184565,0.40239976204264966,8.01622143977232
7,27,0.613080569484055,0.6,5.813257660952542,0.8609238790707153,25.041069625329815,0.002782899450697866,0.005263920801511129,0.005954275065637802,0.40105667734259254,8.417278117114913
7,28,0.5999885033906457,0.6,5.776453537721199,0.9489038524479763,25.04296743303471,0.018141712287477522,-0.006374392034304347,0.01922900409612041,0.41173025130158075,8.829008368416494
7,29,0.582330162422244,0.6,5.804443072401821,0.9477624271497489,25.04486295788901,-0.0009998984100913887,-0.008656336415860263,0.008713894478076481,0.421274811130401,9.250283179546894
7,30,0.6271987655757468,0.6,5.734900360719303,0.981072342108394,25.046825102573226,0.010014117431838693,-0.015257775118655469,0.018250541074448106,0.4284721829874348,9.678755362534329
7,31,0.6611778679095371,0.6,5.74849677130281,0.9326201317881274,25.048690342836803,-0.004698050525824075,-0.01282503414295042,0.0136584471852052,0.43240621465232143,10.11116157718665
7,32,0.5805823251090834,0.6,5.796715590961365,0.9466877285209345,25.050583718293844,0.002851651377975696,-0.007308067631738654,0.00784472868183323,0.43536700940920625,10.546528586595857
7,33,0.6002608015257558,0.6,5.756205154024908,0.9862326537912254,25.052556183601425,-0.034631349917196026,-0.0017837110428033612,0.034677255112991454,0.4207283354119635,10.96725692200782
7,34,0.6003356650921882,0.6,5.797540476984504,0.9134577332972632,25.05438309906802,0.0008906079170005465,0.004470541523241566,0.00455839050245271,0.41223055689985266,11.379487478907674
7,35,0.6135187438558153,0.6,5.77763848590087,0.9323039925836223,25.056247707053185,0.007982099755695853,-0.0007925772549673786,0.008021352455476036,0.42427904635458286,11.803766525262256
7,36,0.62674767501632,0.6,5.764580112433233,0.9209813474495454,25.058089669748085,-0.005307171424621379,-0.0021420688476595025,0.005723157125086732,0.4120301077260413,12.215796632988297
7,37,0.5854203024184785,0.6,5.768502708054987,0.9731311892707657,25.060035932126628,0.04186124031914499,-0.0017862059870045691,0.04189933141334383,0.4278846293410123,12.64368126232931
7,38,0.5987721741009877,0.6,5.758367339274244,0.9665918073816182,25.06196911574139,0.009069266714280993,-0.005567897443633333,0.010642043068771324,0.43539246480990523,13.079073727139214
7,39,0.6021119186316846,0.6,5.785708519546718,0.9430938392834817,25.06385530341996,-0.0015938237353501253,-0.014672493326505078,0.014758805321424274,0.4322981753139974,13.511371902453211
7,40,0.6271739708417197,0.6,5.710939286393274,1.0272290275359854,25.06590976147503,0.006110561723995073,-0.007469163370632707,0.009650252123128958,0.44502897973961103,13.956400882192822
7,41,0.5845198037975243,0.6,5.7815599905189705,0.9826652678511109,25.067875092010734,-0.014057370944852089,0.025544494187513776,0.029157003638527343,0.44247766515229947,14.398878547345122
7,42,0.5865535493345403,0.6,5.797946253006609,0.9334053894959344,25.069741902789726,0.010589367500866486,0.004006403668095266,0.011321924501609015,0.44896720909367627,14.847845756438797
7,43,0.6054988119019244,0.6,5.74157697147496,1.0206978682557124,25.07178329852624,0.0014323239734133544,-0.007381575979519863,0.007519256339974003,0.4368852974196076,15.284731053858405
7,44,0.5577646915442218,0.6,5.790680317303387,0.9786273855862485,25.073740553297412,0.009306217271550628,-0.0023550331433385293,0.00959957608499095,0.42607908282958157,15.710810136687986
7,45,0.611646206349744,0.6,5.756003860289482,0.9576154888564176,25.075655784275124,-0.014525986390783563,-0.01151150135626561,0.01853426405608095,0.43238901983174727,16.14319915651973
7,46,0.5713110210982761,0.6,5.79912434220402,0.9637728347507034,25.077583329944627,-0.012675119968773602,0.007780035433679286,0.014872377670436848,0.4163253582411463,16.559524514760877
7,47,0.6273388968422059,0.6,5.765681500833721,0.9250859965826812,25.079433501937793,0.007794152138727414,-0.008716452127708097,0.011692961355287895,0.4234899168272347,16.983014431588114
7,48,0.5783613034998385,0.6,5.814024490726836,0.9140198997056357,25.081261541737202,-0.005949061168806823,0.017740563377039373,0.018711464873840206,0.4267605322515217,17.409774963839634
7,49,0.6202170310965968,0.6,5.778584066521156,0.9157458140350002,25.083093033365273,0.006433203980060838,0.01565615859646085,0.01692635269178229,0.42637204140350643,17.83614700524314
7,50,0.5852540853254143,0.6,5.80334748164715,0.9103318992432718,25.08491369716376,-0.008183387953122357,-0.0006472838461539309,0.008208947238763321,0.41848998651516034,18.254636991758304
7,51,0.5956304430995383,0.6,5.78115991564808,0.9670616178465361,25.086847820399452,0.007921282363119581,-0.003597445764761596,0.008699904040084033,0.4258884793669369,18.68052547112524
7,52,0.5789492218175183,0.6,5.786926298352768,0.9456983922351655,25.08873921718392,-0.01811971840042863,-0.004008347102679511,0.018557775766680423,0.40533986273867556,19.085865333863914
7,53,0.592245135932694,0.6,5.8380588342992485,0.8775279935433045,25.090494273171007,-0.028119798874176857,-0.0014948401214867045,0.028159503470639613,0.3965902779389911,19.482455611802905
7,54,0.5826761726952928,0.6,5.801147471293276,0.9183813902083467,25.092331035951425,0.006679482220753005,0.018287754293882255,0.01946939752151474,0.40807009672792705,19.89052570853083
7,55,0.6043996267948571,0.6,5.838555065183704,0.8573906166457723,25.094045817184718,0.005250414888306363,-0.005177226421252706,0.00737363749558291,0.4013824067099808,20.291908115240812
7,56,0.5799758838250348,0.6,5.827629700565068,0.8922575166526934,25.09583033221802,0.021213764404246053,-0.0068729702255073116,0.022299361424031112,0.40546892180526994,20.69737703704608
7,57,0.60633402242012,0.6,5.786122173880034,0.9202224247324599,25.097670777067485,0.0026683602972020137,-0.0044687106505329685,0.005204759509705593,0.4140007512116743,21.111377788257755
7,58,0.6091317012732675,0.6,5.783499799788538,0.9207164898317636,25.09951221004715,-0.004702025202644188,-0.0010796194313364837,0.004824377589163232,0.40441182009694776,21.5157896083547
7,59,0.5987270787476825,0.6,5.819218391925302,0.878084105310462,25.10126837825777,-0.005155392989953501,-0.007644020289908126,0.009220039212139437,0.3917516017344639,21.907541210089164
7,60,0.5950807750826042,0.6,5.8578342017721585,0.8338315719449909,25.102936041401662,-0.023570876759587314,0.0062207519651810254,0.024377940565764717,0.3849051708505854,22.29244638093975
7,61,0.6301458762597092,0.6,5.813696433930202,0.8708248958042963,25.10467769119327,0.022180232680153417,0.0002479265925104204,0.0221816182759739,0.3970243864704863,22.68947076741024
7,62,0.5770651131565945,0.6,5.797580207894476,0.9374595526242939,25.106552610298518,0.02095944531185395,-0.008709388906246184,0.02269695580691033,0.404334441786332,23.09380520919657
7,63,0.5967286113152677,0.6,5.796390264629684,0.9523333440507178,25.10845727698662,-0.0031535651052343756,-0.0006958855493879727,0.0032294317721232165,0.41584001996617714,23.509645229162746
7,64,0.5863625012579953,0.6,5.729337291132042,1.0403431260246407,25.11053796323867,0.020943697958360645,-0.009118812985440115,0.022842750150419085,0.43571651299501823,23.945361742157765
7,65,0.5909344511651892,0.6,5.7622689745205795,0.9817285626436457,25.11250142036396,-0.012305838974523607,-0.005038898877881488,0.013297525136972653,0.41946119213087213,24.364822934288636
7,66,0.5607429003089623,0.6,5.773587422183051,1.0132572367772512,25.114527934837515,0.023982963283022952,0.018436999764775683,0.030250710539773535,0.4373106637598587,24.802133598048496
7,67,0.643506374416069,0.6,5.7427078521261326,0.954209184183957,25.116436353205884,0.0012837047608215575,0.0076500197738450775,0.007756977533368047,0.43829050720603147,25.240424105254526
7,68,0.6028458804687303,0.6,5.783494411844347,0.9293892222725503,25.11829513165043,0.008369243359584954,-0.019405333971697167,0.021133178203125554,0.4451381086655594,25.685562213920086
7,69,0.5855840257687397,0.6,5.753195054505573,1.000571324025791,25.120296274298482,-0.01595107121192762,0.010982730577258456,0.019366389538079468,0.4317192111241865,26.117281425044272
7,70,0.606615330865306,0.6,5.764659164997889,0.9679126168938231,25.12223209953227,-0.014529794310419616,0.01910342501588043,0.024001161847720383,0.412151622152088,26.52943304719636
7,71,0.5636688724795863,0.6,5.831071701022303,0.9068121630610261,25.12404572385839,0.010684520682474254,0.015714630513097228,0.019002857531892053,0.41847427188114533,26.947907319077505
7,72,0.6445478118782139,0.6,5.717579014020974,0.9796503886743163,25.126005024635738,0.005051970960069915,0.013248682714787203,0.014179210283315886,0.4293999935067075,27.37730731258421
7,73,0.5770606618312488,0.6,5.7861163277702365,0.9662875086596454,25.12793759965306,0.013809330534545522,0.0009500266247483306,0.013841970972374636,0.43686647893741765,27.81417379152163
7,74,0.597592642658697,0.6,5.772441143496823,0.9861700285264037,25.12990993971011,-0.013244830688239874,0.010067039239223363,0.01663643047664383,0.4183477629735277,28.232521554495158
7,75,0.5997650063057411,0.6,5.788728933131633,0.9307014315446056,25.1317713425732,-0.018048470813150516,-0.005773962487387679,0.018949563095198425,0.4011897133553422,28.6337112678505
7,76,0.5979413562825918,0.6,5.8141510322701375,0.8972540999396466,25.133565850773078,0.010682055800711332,-0.00947724317725066,0.014280211986180555,0.4104323968122582,29.04414366466276
7,77,0.6376499885940018,0.6,5.738631475068972,0.9709857360568196,25.13550782224519,0.014915745106290639,-0.0009694155765742592,0.014947214410582927,0.4253814563778859,29.469525121040643
7,78,0.5934311286650079,0.6,5.801037799687877,0.9131622324492734,25.13733414671009,-0.01568871521723504,0.0030345193259462954,0.015979489751147997,0.4238845962395873,29.89340971728023
7,79,0.6112346633228899,0.6,5.750797824557889,0.9668749270117113,25.13926789656411,-0.02538952360632687,-0.013630776681557051,0.028817112657216527,0.4083140695637342,30.301723786843965
7,80,0.6284101040050726,0.6,5.775071234501176,0.8806278077413334,25.14102915217959,-0.013716041826233448,0.008833968424560664,0.01631468055173377,0.40175667701073586,30.7034804638547
7,81,0.5544561780377859,0.6,5.847295073626925,0.8855267711411222,25.142800205721873,-0.015563627928742007,-0.007431524811887656,0.01724685696972118,0.39057661074366146,31.09405707459836
7,82,0.611587139687072,0.6,5.808274348927986,0.923464780011183,25.144647135281897,0.02815676697370349,-0.0009904470169040014,0.02817418165102109,0.4024386254892743,31.496495700087635
7,83,0.6409740357437265,0.6,5.819701458545541,0.8266920795096804,25.146300519440917,-0.013257736735334289,0.006253554293826843,0.01465859900022074,0.40217484338776527,31.8986705434754
7,84,0.6571644739555557,0.6,5.802289478858749,0.8610948505334455,25.148022709141983,0.0014536182742261854,-0.007099302410695836,0.007246592358182984,0.3960401661717604,32.29471070964716
7,85,0.6397788106181387,0.6,5.7939068978555754,0.8958943344331431,25.14981449781085,-0.006414295239842417,-0.001773614832714969,0.00665499008253894,0.39994761987604593,32.69465832952321
7,86,0.5768820382404124,0.6,5.864629422572779,0.8426206550632281,25.15149973912098,-0.03183715574722155,-0.016406012051299414,0.03581566301913485,0.3854490739319697,33.08010740345518
7,87,0.5753233606486245,0.6,5.825280549791677,0.9222471919170903,25.153344233504814,0.014243078127833804,0.0003232998076825627,0.014246746903108277,0.4003577805353419,33.480465183990525
7,88,0.6097877867099073,0.6,5.830721804259842,0.863430826833266,25.15507109515848,-0.005220698936761464,0.00823555491868738,0.009750900584408508,0.3967712660093412,33.87723644999986
7,89,0.6266961679920768,0.6,5.767023338336395,0.9278621583060338,25.156926819475093,-0.007531550153046861,-0.012066216213524694,0.014223846927585602,0.408300462316156,34.28553691231602
7,90,0.5970442475624228,0.6,5.7884451783588355,0.9358177401207747,25.158798454955335,0.0010801276377845953,-0.005128120829418447,0.005240639174282224,0.4167745994161434,34.70231151173216
7,91,0.6304692607615235,0.6,5.744830767770768,0.9629081705973634,25.16072427129653,0.011374683528007816,0.016486734733780838,0.02002987387739593,0.4267496546472691,35.12906116637943
7,92,0.5682321150898302,0.6,5.803919616289542,0.9425881673913102,25.16260944763131,0.005605733363856526,-0.011789442221216164,0.013054317080339689,0.4084991716877012,35.53756033806713
7,93,0.5873151256642661,0.6,5.834653688139494,0.8882784245184502,25.16438600448035,-0.003179471079434641,0.009132070056428283,0.009669733184554543,0.4099404759711223,35.94750081403825
7,94,0.6047033973311663,0.6,5.831850973314942,0.8788031265142555,25.16614361073338,-0.008822284849192057,-0.008903415323551732,0.01253409407910837,0.40339990349603316,36.35090071753428
7,95,0.5505349906879491,0.6,5.830078885336664,0.9278079074067835,25.167999226548194,0.02016721319174195,0.009266912255245402,0.022194417105830644,0.41715763221956215,36.768058349753844
7,96,0.5824208342290103,0.6,5.783512175966982,0.945797358450628,25.169890821265096,0.00032638094554872897,0.007246446873555781,0.007253793270619423,0.4252922095422342,37.19335055929608
7,97,0.5949982031605926,0.6,5.8034047276243586,0.9225580879559034,25.171735937441007,0.02361365913648329,-0.004184011597362882,0.0239814689054046,0.4313966802541848,37.62474723955026
7,98,0.6256313528131314,0.6,5.782010896626296,0.9133392232621915,25.17356261588753,-0.013381652097571403,0.010747038579701735,0.01716296743264505,0.4250584395474032,38.049805679097666
7,99,0.5938000946045077,0.6,5.7876745313769415,0.9511332963025325,25.175464882480135,-0.01828312019622056,0.0032911418619900206,0.018576977656906177,0.41827960497951727,38.46808528407718
8,0,0.6108898565158476,0.6,6.098686139780332,0.4018281904241651,25.00080365638085,0.051207435754083326,0.001397872466992235,0.051226511924418065,0.048455219765234266,0.048455219765234266
8,1,0.6148367394257088,0.6,6.039500834835109,0.4861772541816304,25.001776010889213,0.050343671652273395,0.004059125202031037,0.05050704676416628,0.0940486213940383,0.14250384115927256
8,2,0.6227524509871158,0.6,6.042075645543797,0.4782812304361625,25.002732573350084,0.016895460318545046,0.00042361139877023976,0.016900769982243363,0.12787319619643947,0.27037703735571206
8,3,0.5686700895935265,0.6,5.981538048408448,0.6412345163248296,25.004015042382733,0.04848539429950289,0.007965607238585666,0.04913536770044237,0.1769129807247327,0.4472900180804448
8,4,0.6272386341664419,0.6,5.964008412774038,0.6144758999257972,25.005243994182585,0.04346152170628303,-0.015706545936824717,0.04621254650299306,0.20855348150335226,0.6558434995837971
8,5,0.6266263640849955,0.6,5.896850383191676,0.7229456191171799,25.00668988542082,0.03369760499761604,-0.009477403648854545,0.03500499625051656,0.24429144096828365,0.9001349405520807
8,6,0.6661774896652958,0.6,5.924153926519824,0.6406926695532731,25.007971270759924,0.028621399305142823,0.016333490613079687,0.03295401969095716,0.26246794577291843,1.162602886324999
8,7,0.5701447208395538,0.6,5.965110653989014,0.6923591344574883,25.00935598902884,0.0027827560184797238,-0.005622516250814534,0.006273469538386127,0.2731073657170677,1.4357102520420668
8,8,0.614540339776104,0.6,5.976621296973301,0.6091777409137585,25.01057434451067,-0.007039491103781452,0.006728704681422598,0.009738064576188463,0.2744130549663665,1.7101233070084332
8,9,0.6040805947753655,0.6,5.902755634568399,0.743877677535626,25.01206209986574,0.04407499116163675,0.0009578084709900513,0.044085397162387664,0.29840363056588753,2.0085269375743207
8,10,0.5995538950408058,0.6,5.92831303334291,0.7017708288994032,25.01346564152354,-0.009659171958324955,-0.0033157689521452005,0.010212439799798148,0.30715917753775507,2.315686115112076
8,11,0.5336928474564833,0.6,5.953480218736552,0.7315650489507115,25.014928771621438,0.02473040334097776,0.011606181443434916,0.02731842413290666,0.3175101708377315,2.6331962859498073
8,12,0.5800427558434889,0.6,5.855085701746957,0.8466702777847667,25.016622112177007,0.017619369791859192,-0.007478616721418614,0.019140843762179408,0.340594131943714,2.9737904178935213
8,13,0.6198813410638226,0.6,5.83895825592786,0.8437500712536115,25.018309612319513,0.009632117597275568,0.007353648953231096,0.012118326713498958,0.3572737346588142,3.3310641525523357
8,14,0.6315502055796751,0.6,5.852234778238448,0.7820770213412388,25.019873766362196,0.01334946525975157,0.006417863943296603,0.014812062662437689,0.36432708502151134,3.695391237573847
8,15,0.5956014680298233,0.6,5.838437935790786,0.85514554401788,25.02158405745023,0.017707732635831596,0.011878939003598135,0.021323062325878533,0.3734875049926192,4.068878742566467
8,16,0.5665837507323287,0.6,5.799443223705638,0.9365182147525415,25.023457093879735,0.022762192654057444,0.0036100236573525547,0.023046684907532186,0.39429902841934433,4.463177770985811
8,17,0.5702258944753148,0.6,5.833226535961273,0.9047815462729518,25.02526665697228,0.008694469792762088,-0.0024093674651581025,0.009022131486484489,0.40438887756696784,4.867566648552779
8,18,0.6159705228393224,0.6,5.7463667776921925,0.9782437249134597,25.02722314442211,0.034979303615228066,-0.0030068611486952007,0.03510830237100393,0.4222910436034418,5.289857692156221
8,19,0.6000829194043477,0.6,5.760952969923091,0.9725201563046296,25.02916818473472,-0.00023442861144484274,-0.0010978162841011525,0.0011225673109001612,0.4342196555854511,5.724077347741672
8,20,0.5832705264112222,0.6,5.739456601397635,1.032301314212393,25.031232787363145,0.019217637966263287,0.004540291738583826,0.01974669233248487,0.44598224755261073,6.170059595294283
8,21,0.5740976068275243,0.6,5.711019422521809,1.1054545543041188,25.033443696471753,0.015793111717131967,0.011579405294066338,0.019583283807218407,0.46336765470674773,6.633427250001031
8,22,0.5978151504796758,0.6,5.772186766445547,0.9841667306149302,25.03541202993298,-0.001184589137821631,-0.028925198219991368,0.028949444614555852,0.4599539578767072,7.093381207877738
8,23,0.6197313678674604,0.6,5.72960871274098,1.0014547788607604,25.037414939490702,0.016602905357731672,-0.011298772293938265,0.020082796659530815,0.46535222173584834,7.558733429613587
8,24,0.5751985896010867,0.6,5.69558701270101,1.1218270996688624,25.03965859369004,0.014851583268602751,-0.003828348716908777,0.0153370720635491,0.48271622947623627,8.041449659089823
8,25,0.604473949563325,0.6,5.734657220557138,1.014993003044135,25.041688579696128,-0.0023844165378985836,0.0026748386305856697,0.0035833230284022244,0.48244801610794946,8.523897675197773
8,26,0.5791454081120394,0.6,5.738995524915647,1.0749165150866866,25.043838412726302,-0.02622194422931918,0.010446080237103582,0.028226068650903748,0.4656850441432035,8.989582719340977
8,27,0.6104192747400807,0.6,5.676332609299027,1.1468133818780524,25.046132039490058,0.034630730387606994,0.015507206012024956,0.03794418170785225,0.4900128182548736,9.47959553759585
8,28,0.5983204429141946,0.6,5.715480182566274,1.0705986658108226,25.04827323682168,-0.004058461916517089,0.001561750572599972,0.004348583445081387,0.4780592808742989,9.957654818470148
8,29,0.5811073174186541,0.6,5.717837035542774,1.066233618383757,25.050405704058445,-0.005339911239263126,0.005529800124656083,0.0076872193582501,0.4651294114267608,10.422784229896909
8,30,0.5737442004965979,0.6,5.769173743481524,1.0225239490281237,25.052450751956503,-0.0010421362673514335,-0.015427579404376793,0.015462737606196394,0.47198681576083124,10.89477104565774
8,31,0.6066775069174055,0.6,5.764470497598496,0.967197175867601,25.05438514630824,-0.01894866775121755,-0.005454435908354703,0.019718085115557775,0.46511481235683694,11.359885858014577
8,32,0.5702737925610453,0.6,5.719791949908367,1.1015248682872147,25.056588196044814,0.015253518132498985,-0.021992540453277195,0.02676455960795001,0.48213615762260087,11.842022015637177
8,33,0.6032030167242431,0.6,5.691649609914202,1.0858383820145554,25.058759872808842,0.015209635489708155,-0.007362970898953761,0.016898116823736004,0.48921542933236944,12.331237444969547
8,34,0.6175384251213514,0.6,5.70127066482553,1.0610071803579568,25.060881887169558,-0.01794788127581209,0.01509508919131059,0.023451826367775028,0.48047064320905175,12.811708088178598
8,35,0.6059390705295596,0.6,5.6977985967581,1.0578813176516335,25.06299764980486,-0.002454797785179103,-0.014322032991369757,0.01453088645513425,0.48698821573069845,13.298696303909297
8,36,0.5982681264453845,0.6,5.6995587869147375,1.1197562994898773,25.06523716240384,0.02577154184127476,0.0044961679149513245,0.026160808374284104,0.4996936973374049,13.798390001246702
8,37,0.5934929670310256,0.6,5.704654950371707,1.082613008351127,25.067402388420543,-0.011231857901602561,0.010792167763922339,0.015576441087951908,0.49361382314534047,14.292003824392042
8,38,0.6147464566362397,0.6,5.66588893133595,1.125618190678853,25.0696536248019,0.0070614815666346,0.006036766869570822,0.009290160179107148,0.5070270686973372,14.799030893089379
8,39,0.6194736917718561,0.6,5.655472120846435,1.1583635729960888,25.071970351947893,0.010934906059217256,0.001410367315485509,0.011025484410605099,0.5216936578863808,15.32072455097576
8,40,0.6538725362051387,0.6,5.6503673492946,1.1200931854463108,25.074210538318788,-0.007870000620632499,-0.00045875549203369534,0.007883360093908371,0.5081061373536426,15.828830688329402
8,41,0.5940294270736718,0.6,5.712917455729918,1.0698621833932205,25.076350262685573,-0.008361330011524538,0.006923288410819711,0.010855586671433813,0.4947248807035434,16.323555569032944
8,42,0.5846066947414339,0.6,5.702945375903291,1.0991580556532705,25.07854857879688,0.00013579837106915925,-0.0033818326875020973,0.0033845580987542073,0.5033751430607598,16.826930712093706
8,43,0.6034522917809243,0.6,5.6859405084441415,1.1063453811819577,25.080761269559243,0.021427246523650623,-0.01802410108496321,0.02799991274104742,0.5087273061593097,17.335658018253014
8,44,0.5852674764292745,0.6,5.6959286472203985,1.1134641658719089,25.082988197890987,-0.006392525031812753,-0.03007437204443559,0.03074625554680572,0.49330389657880674,17.82896191483182
8,45,0.5514653527671891,0.6,5.743852293313327,1.0991569141072595,25.0851865117192,-0.04704955191246306,-0.0036002973282387107,0.047187100737545624,0.4686688343443946,18.297630749176214
8,46,0.5887446944084647,0.6,5.7247678758348775,1.0577385039816964,25.087301988727162,0.014095948323356842,0.011536180315824915,0.01821480758652072,0.47597688972563357,18.773607638901847
8,47,0.5856265239334371,0.6,5.738327956690581,1.014916815315359,25.089331822357792,-0.01771598127327744,-0.02318624987841042,0.029179756268673737,0.4708318726947566,19.244439511596603
8,48,0.6064499932273656,0.6,5.74440036795429,0.9980316242198327,25.091327885606233,0.006952883868300113,-0.0067258309766954055,0.009673644422509203,0.4725920646770622,19.717031576273666
8,49,0.5992763621371895,0.6,5.719320287906169,1.0506778801297476,25.093429241366493,0.020975676538926485,-0.004949857099055346,0.021551800193179677,0.4850689704668731,20.20210054674054
8,50,0.6003828440132775,0.6,5.695929801778706,1.0867234934781471,25.09560268835345,0.017161373961371844,0.008531481644514045,0.019165044620160204,0.4952493820035433,20.69734992874408
8,51,0.620609620289145,0.6,5.709355177724181,1.0350379832530894,25.097672764319956,-0.007738804716915837,0.0014093267071398552,0.007866085444108554,0.48767703584175276,21.185026964585834
8,52,0.5869780369906933,0.6,5.7072749315910185,1.0653271626396037,25.099803418645234,-0.006465927086601942,0.005474259983284916,0.008472056152661363,0.4796576109569994,21.664684575542832
8,53,0.58501804146556,0.6,5.741209917661443,1.0222225356135959,25.10184786371646,0.01678937226072822,-0.0032649358374435633,0.01710388338746302,0.4811294529734683,22.145814028516302
8,54,0.5848747154223487,0.6,5.70749458338769,1.103064873448524,25.10405399346336,0.01555865074375792,-0.00938791456884386,0.018171531386158672,0.4956849593808807,22.641498987897183
8,55,0.6136807994244489,0.6,5.674288686784778,1.1231771863595157,25.10630034783608,0.01137549160001869,0.022098055892906233,0.02485409188419693,0.5061746490069642,23.14767363690415
8,56,0.5761018693611346,0.6,5.712019481403714,1.1085802605895092,25.10851750835726,0.02760822070256918,0.0008165836317712996,0.027620294335677278,0.5137239553057816,23.66139759220993
8,57,0.6081749390819319,0.6,5.702897687160424,1.0918207441685597,25.110701149845596,-0.0012359199808712,-0.001067149250049791,0.0016328826415264812,0.5095594661184857,24.170957058328415
8,58,0.5983133752819271,0.6,5.673810578215759,1.1085041986199493,25.112918158242834,-0.017313011225598134,-0.0046492760438436994,0.01792640860377633,0.5016689192959501,24.672625977624367
8,59,0.6226152994920005,0.6,5.6876741368130945,1.0846349869200762,25.115087428216675,-0.01978829851515239,0.026346028008384065,0.032949809558529164,0.49825768365226675,25.170883661276633
8,60,0.5960901373281726,0.6,5.683520121096162,1.103547130926679,25.117294522478527,-0.010925920771977723,0.010572141641944439,0.015203483930102006,0.48056767603483913,25.65145133731147
8,61,0.5881311016553445,0.6,5.726885791985235,1.0406589364247045,25.119375840351378,-0.0025705037633079386,-0.005274960662887697,0.005867938274402082,0.47878904732958955,26.13024038464106
8,62,0.5905831690940657,0.6,5.728921861475655,1.0326574576955967,25.12144115526677,0.015416807664339342,-0.003556284234610499,0.015821666034794547,0.4835122903126816,26.61375267495374
8,63,0.6306997027340209,0.6,5.660065272273699,1.1027920670797662,25.12364673940093,-0.032682655749186586,0.003085227496408254,0.03282795478741301,0.47246629017353287,27.086218965127273
8,64,0.6184603731436635,0.6,5.717733181238994,1.0083265642531867,25.125663392529436,-0.005431101562184092,-0.011741236291905046,0.012936517840636506,0.47510079635636204,27.561319761483634
8,65,0.6058981428485992,0.6,5.7242987453756395,1.055875724779708,25.127775143978994,-0.018878959117521077,-0.004313032376956794,0.019365364588504647,0.46611025827606223,28.027430019759695
8,66,0.6015794270436828,0.6,5.7403641574325945,1.00635596602249,25.12978785591104,0.0017920163831351595,0.0010804657347187041,0.00209254125916935,0.45012873690398725,28.477558756663683
8,67,0.5885840425417149,0.6,5.773457800281967,0.9617996179547987,25.13171145514695,-0.0059327499674509485,0.013989568826273072,0.015195576926241417,0.4504648643761638,28.92802362103985
8,68,0.5973368618881277,0.6,5.7295812031588405,1.0680141691232432,25.133847483485194,0.011574133449849942,0.0018431483979862613,0.011719972744504769,0.4664562549481912,29.39447987598804
8,69,0.5795565282700681,0.6,5.764128698158039,0.9913332240057505,25.135830149933206,0.004587883386462523,-0.0026891389183960517,0.005317907679737503,0.470021538482938,29.86450141447098
8,70,0.629253640625584,0.6,5.739578566126893,0.9999990739420497,25.13783014808109,0.003944856811896794,0.0006814415817952208,0.004003280891439934,0.4753148558037714,30.33981627027475
8,71,0.587799458884932,0.6,5.745464190670828,1.020218728433253,25.139870585537956,-0.008722162433450153,-0.0016645972668369233,0.008879583412314457,0.46908765637411304,30.808903926648863
8,72,0.620942281872409,0.6,5.713137933600959,1.0391259207098114,25.141948837379374,0.012094665992204778,0.002548323453429384,0.012360214313930525,0.4731362651251631,31.282040191774026
8,73,0.5962656087667013,0.6,5.704891844975061,1.07877413460948,25.144106385648595,0.00879925309856186,-0.0021049814902635642,0.009047530169438657,0.48463915613909364,31.76667934791312
8,74,0.5912324501615486,0.6,5.690454771478677,1.0885001674355639,25.146283385983466,-0.009368907481627818,-0.009755422379377541,0.01352570490582143,0.4655670287852132,32.232246376698335
8,75,0.600488054371626,0.6,5.747235471286329,1.0365704674824516,25.14835652691843,-0.0059124079213335005,-0.0025496220842011826,0.0064387219384357255,0.4756052472651787,32.70785162396351
8,76,0.6039242076757654,0.6,5.709519609313301,1.0768572015886118,25.15051024132161,0.0021189582408228658,-0.012830469592851959,0.013004265992336894,0.48561280807431784,33.19346443203783
8,77,0.5989157815030123,0.6,5.692124993176269,1.0709947963515882,25.152652230914313,0.0038684310281144694,-0.005121814114444011,0.006418546443097274,0.47791342908768986,33.67137786112552
8,78,0.5949733197508222,0.6,5.766131553197681,0.9907937025474042,25.154633818319407,-0.00978598905343243,-0.011937324518522674,0.01543584459673075,0.4736319985928199,34.14500985971834
8,79,0.5552129597613119,0.6,5.763843247727924,1.0634777631585786,25.156760773845726,-0.012200980711695952,0.001465612178195722,0.012288691931367321,0.45534779855453045,34.60035765827287
8,80,0.5860929622183328,0.6,5.757226470109102,0.9977621712826114,25.15875629818829,-0.006445946634593129,0.0011123865778757108,0.006541225566716112,0.46130878474320897,35.06166644301608
8,81,0.6078797327384631,0.6,5.757520774620511,0.9690843283634492,25.16069446684502,0.010008578792699216,0.001586675489389538,0.01013356741519481,0.4641595287034809,35.52582597171956
8,82,0.5995796015972917,0.6,5.787357670768902,0.9467509006920394,25.162587968646402,0.021889071301590617,0.004463334359795243,0.022339489610406205,0.46406747504321777,35.98989344676278
8,83,0.632552438401855,0.6,5.670156750213556,1.0726486771390762,25.16473326600068,0.009137906034889185,-0.0045996952500503155,0.010230274829925128,0.4749018344965317,36.46479528125931
8,84,0.615312032743042,0.6,5.673992107898247,1.0958641660368567,25.166924994332756,0.013325129640241606,-0.007795514073297668,0.01543791176280741,0.4839769889990655,36.94877227025838
8,85,0.6010929734584004,0.6,5.680913046125397,1.0783418994802647,25.169081678131718,-0.01254409035681854,0.016354812902815936,0.02061150426257488,0.46241392833356343,37.41118619859194
8,86,0.5908153878793533,0.6,5.73919232668032,1.0324822226877095,25.171146642577092,0.011539559557553997,-0.0013130190748240837,0.011614019712106042,0.46946179797331417,37.88064799656526
8,87,0.6120877188855586,0.6,5.7446692987428705,1.0338432205075576,25.17321432901811,-0.01464160236865298,-0.014451511612028236,0.020572377300504954,0.46300626835545833,38.343654264920715
8,88,0.5950081165622914,0.6,5.729299076216624,1.0797277811407415,25.17537378458039,0.0013907085933087988,-0.008574284009369552,0.0086863350536825,0.4781232734326445,38.82177753835336
8,89,0.5942851650156771,0.6,5.703712594471793,1.0531102093209834,25.177480004999033,-0.01562616125061423,0.012818364449277099,0.020211070792629685,0.46149806158614676,39.28327559993951
8,90,0.5857098050297833,0.6,5.751064154674546,1.0214554546791044,25.179522915908393,-0.018429003422469104,-0.004692222763041775,0.019016969306474292,0.45364746141347867,39.73692306135299
8,91,0.5870575209194347,0.6,5.69122551811442,1.1169445677191077,25.181756805043833,0.012935040107418264,0.006897208619605294,0.014659015973893904,0.47756667009751225,40.2144897314505
8,92,0.5732898434138006,0.6,5.69602887898853,1.1435867008819987,25.184043978445597,0.016710244456975266,0.005276804771962434,0.017523610883983874,0.49430248550653755,40.708792216957036
8,93,0.6408420181145443,0.6,5.694276417406837,1.039744654037953,25.186123467753674,-0.0031596089821823432,-0.016018487535878922,0.01632712687086726,0.4906460243649895,41.19943824132203
8,94,0.5847032014033623,0.6,5.696829279308014,1.1244713105937507,25.18837241037486,-0.03391868410217293,-0.00264781762781015,0.034021876335868666,0.47139731486234815,41.67083555618438
8,95,0.5970252520476796,0.6,5.737330020021628,1.0138874929329371,25.190400185360726,-0.023398216111706574,0.0073870531779459386,0.024536606771595908,0.46193679325599724,42.13277234944037
8,96,0.5886656953934739,0.6,5.763732072610784,1.0149431522937769,25.192430071665314,0.020932092368505916,0.009258661960884993,0.022888322617212523,0.46623658328652834,42.5990089327269
8,97,0.6312910332992263,0.6,5.714606113705366,1.0159987655396319,25.194462069196394,0.0030468950127197276,0.019976262903838294,0.020207291971508758,0.4722040844197244,43.071213017146626
8,98,0.5796463730897398,0.6,5.7480087510358056,1.0128075533615137,25.19648768430312,-0.011916909855745384,-0.019866602747821344,0.023166671000592727,0.467938146244284,43.53915116339091
8,99,0.5781253660531922,0.6,5.754514183978464,1.017268458749255,25.198522221220617,-0.006644034162534229,-0.0032196267488288307,0.0073830336823487415,0.4718893678230596,44.01104053121397
9,0,0.5873570810296411,0.6,6.096476152247644,0.4352680353804837,25.00087053607076,0.066335724691944,-0.0035746566868569973,0.06643196926807364,0.058132559710474985,0.058132559710474985
9,1,0.6258217375202202,0.6,6.0154554247719165,0.5342420080428261,25.001939020086844,0.06911838553025569,0.003040466665196556,0.06918522715039122,0.10719068123896075,0.16532324094943573
9,2,0.5733499337918979,0.6,5.986506707701226,0.6393866146619264,25.003217793316168,0.05051947109173493,-0.0024028438286261148,0.05057658171380711,0.1599043504883173,0.32522759143775304
9,3,0.5990626177902002,0.6,5.970662211890109,0.6330420501033431,25.004483877416373,0.0365298205410291,0.0027449907872931696,0.03663280992746961,0.19562971927649428,0.5208573107142473
9,4,0.5678394203964143,0.6,5.907642800925904,0.7732143746600713,25.006030306165695,0.04671898597677144,-0.0014829257131655407,0.04674251511598979,0.24569922357124307,0.7665565342854904
9,5,0.5982790159519538,0.6,5.963347850184913,0.639891180793892,25.007310088527284,0.02885504765614691,-0.008241472688054521,0.030008926127178526,0.2615834550281376,1.028139989313628
9,6,0.5529466524240665,0.6,5.928463756685064,0.7442701499515589,25.008798628827186,0.030321636727633595,0.011968697438628597,0.032598333887179164,0.2877525838292916,1.3158925731429196
9,7,0.5522523035973183,0.6,5.842073414889476,0.9041553722430625,25.010606939571673,0.033786013031942216,-0.005391194348611356,0.03421344257889095,0.3270543637371927,1.6429469368801124
9,8,0.5894262427181096,0.6,5.871630041013797,0.8289010290497525,25.01226474162977,0.02098541190504992,0.012581969369939803,0.024468213380848106,0.35092164095846157,1.9938685778385739
9,9,0.6102014338745964,0.6,5.7932852649339965,0.904823574312552,25.014074388778397,0.027932928649307104,0.009405872633227586,0.029474038456237743,0.3755670388463859,2.3694356166849597
9,10,0.5914943591618166,0.6,5.781733714783897,0.950872129803414,25.015976133038002,0.03898607308877121,-0.0038443809593426406,0.039175159984913485,0.3987304050999987,2.7681660217849586
9,11,0.624841334956248,0.6,5.764430595119689,0.9359650765459322,25.017848063191096,0.021671939571140147,-0.0017075027188828368,0.02173910141450521,0.41218361460414554,3.180349636389104
9,12,0.616656044429099,0.6,5.8069526253280035,0.8813807221388484,25.019610824635375,0.00592492795620966,-0.007002084788825496,0.009172456741581079,0.408454945870664,3.588804582259768
9,13,0.6336162838986558,0.6,5.752026613866577,0.9490331298211871,25.021508890895017,0.00865784372319319,-0.009563119970921415,0.012900058973255576,0.4200543758343945,4.008858958094162
9,14,0.5865469768629626,0.6,5.830221061131669,0.8936483002380996,25.023296187495493,-0.01324359348722957,-0.003410792095360093,0.013675754866652165,0.4185912055793338,4.427450163673496
9,15,0.5728320335168879,0.6,5.763272901146559,1.0281323489773793,25.02535245219345,0.02748968393787215,-0.013993559707848324,0.030846433121209042,0.4353188862818296,4.862769049955326
9,16,0.6145403463240846,0.6,5.7123511516741265,1.0613666578294225,25.027475185509108,0.029110380016587733,0.0062532517862545515,0.029774441768275792,0.45087322501312516,5.313642274968451
9,17,0.6193152645945543,0.6,5.670050255987339,1.125616392851454,25.02972641829481,0.029559643470322985,-0.012429443054863803,0.03206654918675707,0.47654092007683196,5.790183195045283
9,18,0.6559415845890374,0.6,5.637224142215013,1.1089996478872068,25.031944417590584,0.001530145238071253,0.0052843876531611916,0.005501463197956938,0.48315781783374195,6.273341012879025
9,19,0.6199722754829715,0.6,5.6666964960943975,1.0869017017259297,25.034118220994035,0.012958002110957252,-0.0168250114859307,0.021236544686207136,0.4970942032736721,6.7704352161526975
9,20,0.5969769332194483,0.6,5.67676354149022,1.132005267024777,25.036382231528084,-0.0023356038372273936,-0.0031590443582664635,0.003928690181468436,0.5079473785315087,7.2783825946842065
9,21,0.6143045656451219,0.6,5.688588014426911,1.1067193661408365,25.038595670260364,0.009866510488274466,0.0005456138470499353,0.009881585079597436,0.5115694158272789,7.7899520105114854
9,22,0.6158777557986751,0.6,5.633260706437964,1.1570041274244418,25.040909678515213,0.0038701423538694715,-0.0067075851626457765,0.007744010624563999,0.5189364684255879,8.308888478937073
9,23,0.6142515814221765,0.6,5.667538475065754,1.1222100617633133,25.04315409863874,-0.012063984091289228,-0.012620192104764408,0.017458778906786047,0.5114770214948828,8.820365500431956
9,24,0.6015255793870384,0.6,5.626842569821529,1.2127516788065709,25.045579601996355,0.032200441035909924,0.005086534882628998,0.032599712268965096,0.526309792091777,9.346675292523733
9,25,0.5812574949386321,0.6,5.6515888249037785,1.208017855289563,25.047995637706933,0.016008733049043558,0.00608672699339987,0.017126814628754584,0.5393292013453994,9.886004493869132
9,26,0.5905666211912299,0.6,5.686334500720463,1.1514772269957023,25.050298592160924,-0.009124642057356958,-0.009519916772532258,0.013186656438643894,0.5259008176520941,10.411905311521226
9,27,0.6257410980668863,0.6,5.60811677386445,1.1974633384910478,25.052693518837906,0.022362486886500034,0.008761147661252163,0.024017462981987717,0.5393384144930274,10.951243726014253
9,28,0.6383803443055857,0.6,5.647438349593521,1.12737369591734,25.05494826622974,-0.0009010366995382073,0.01566497880888604,0.015690870855907375,0.5363087639219202,11.487552489936173
9,29,0.6329337004746354,0.6,5.615479416733835,1.1635070988060976,25.05727528042735,-0.010351100629751041,-0.006053545796354114,0.0119912760353429,0.5340888335205007,12.021641323456674
9,30,0.5609733873548958,0.6,5.702169709337689,1.143346598944025,25.05956197362524,-0.0018593958600817105,-0.019519108283003874,0.019607471563873796,0.5214047121206165,12.54304603557729
9,31,0.5981015889381297,0.6,5.602426307436464,1.2763655551916129,25.062114704735624,0.020538016375431716,0.0042488948686883665,0.020972916445803805,0.5476764025017201,13.09072243807901
9,32,0.6259087276440767,0.6,5.6339779426140835,1.1421221753130772,25.06439894908625,0.00398641677168892,0.009291818101673397,0.010110855666667789,0.5441961620992288,13.63491860017824
9,33,0.5872844622549651,0.6,5.660313043219648,1.159802388798297,25.066718553863847,-0.01349463496573246,-0.005622548291650494,0.014619104697289468,0.5460707259657288,14.180989326143969
9,34,0.5688836561113833,0.6,5.674768242827672,1.2084358020271357,25.069135425467902,-0.019414563223927674,0.0001670650760288455,0.019415282019983986,0.5294685421361303,14.710457868280098
9,35,0.5760567121773637,0.6,5.641619636808729,1.1850651808888653,25.07150555582968,0.0014267537128973742,-0.005693680056562912,0.005869720499629322,0.5420608846139787,15.252518752894076
9,36,0.591185288033545,0.6,5.665250689018898,1.1618648344127889,25.07382928549851,0.024750091269609774,-0.010755146349245268,0.026985925791932684,0.5482174631536461,15.800736216047722
9,37,0.614071349100178,0.6,5.65059224934824,1.1607274674234063,25.076150740433356,-0.01916070958982661,0.00658460926171748,0.020260549625199437,0.5272035197298356,16.32793973577756
9,38,0.6464458864172542,0.6,5.650981378233226,1.114645025506572,25.078380030484368,0.005608507348283247,-0.013157830489844384,0.01430328136740747,0.5279878067379002,16.85592754251546
9,39,0.5990338424061173,0.6,5.644648473028041,1.1719417710539475,25.080723914026475,-0.004097492846331503,-0.005686172403495336,0.00700870916988355,0.5095528754374749,17.365480417952934
9,40,0.5760806402928754,0.6,5.702144404560318,1.09995593733201,25.08292382590114,0.0024405788907884973,0.019609137443144666,0.019760432601193235,0.5040991232635952,17.86957954121653
9,41,0.6223968706123678,0.6,5.7068418644333425,1.047688829909834,25.08501920356096,0.009118855386047557,-0.011113233114117363,0.014375586033284461,0.5043338128477951,18.373913354064324
9,42,0.5731869314044158,0.6,5.642615559528974,1.1887940478439534,25.087396791656648,0.022868836895684818,-0.016250414228315913,0.028054583646051272,0.5192788752135312,18.893192229277854
9,43,0.5575382541737925,0.6,5.6640825198975815,1.1751360701800029,25.08974706379701,0.0021891113795949185,0.007424984671899899,0.007740969319808755,0.5287492948706594,19.421941524148515
9,44,0.6080670825199967,0.6,5.693760837771655,1.0791259686644186,25.091905315734337,-0.01681721770861466,0.017055863024868088,0.023952479516367503,0.5290529257824288,19.950994449930946
9,45,0.6093829861353413,0.6,5.629967299075228,1.1755393121575899,25.094256394358652,0.0026724439059292674,-0.009912257369950868,0.010266197085507552,0.5382595318318107,20.489253981762758
9,46,0.5991534107909741,0.6,5.650060117999476,1.160231510048158,25.09657685737875,0.0034499126120641735,0.007816811529768892,0.008544263544788827,0.5399232424556155,21.029177224218373
9,47,0.5694684862472523,0.6,5.698145082210771,1.11794073576672,25.098812738850285,0.00011114804331593085,-0.0009595929740786235,0.0009660085731679703,0.5346845141843988,21.56386173840277
9,48,0.5887502722636415,0.6,5.666501730521027,1.1724102178473568,25.10115755928598,-0.0040325118695031074,0.0047547010448183435,0.006234447369517213,0.5262519939300384,22.09011373233281
9,49,0.6323144466124165,0.6,5.647191716486005,1.1166470318756725,25.10339085334973,0.005870076159931169,-0.0038371130146249714,0.00701293308184219,0.5177910211792888,22.6079047535121
9,50,0.6051111377144109,0.6,5.676317779744887,1.1070977056637488,25.105605048761056,-0.01003623283533529,0.011385982557075404,0.01517783147604056,0.5223868449845732,23.130291598496672
9,51,0.5865683335680886,0.6,5.680337075867761,1.1261829143429858,25.10785741458974,-0.001458052274917608,-0.015868652027364323,0.01593549602622919,0.5240979121888394,23.65438951068551
9,52,0.5983874643631715,0.6,5.633928463165372,1.1672798772168174,25.110191974344175,0.0037129812564890303,-0.011072884220280927,0.011678826771845929,0.533574991810841,24.187964502496353
9,53,0.5728768851027526,0.6,5.7250088399583925,1.1100617142355846,25.112412097772648,-0.0017330750456480974,-0.014862358026726535,0.01496306236130996,0.5355703179445386,24.723534820440893
9,54,0.5883422908565396,0.6,5.720832465682505,1.083969265476017,25.1145800363036,0.013812801882100679,-0.005566545088651484,0.014892277195182541,0.534896672380671,25.258431492821565
9,55,0.5998779425796209,0.6,5.6168251075499,1.2074359975420994,25.116994908298686,0.02204710814740285,0.001454764264048769,0.022095051860704706,0.5434626486366787,25.801894141458245
9,56,0.6325248732911396,0.6,5.6275236312833545,1.1625114987314744,25.11931993129615,-0.016387145243927172,0.009979759184888106,0.019186821587587752,0.547369362622101,26.349263504080348
9,57,0.6145174241926372,0.6,5.648404760676002,1.151574039054632,25.12162307937426,0.0005581292420083874,0.01611498491175042,0.01612464718859698,0.5438400416750749,26.893103545755423
9,58,0.6072423642032592,0.6,5.658496271894637,1.1407130408158777,25.12390450545589,-0.006714531855633027,0.01155266384715309,0.013362222120801194,0.5416153151134252,27.43471886086885
9,59,0.6114813336975806,0.6,5.610474667217903,1.189580197347031,25.126283665850583,0.020158633219227857,-0.008920385309152665,0.02204413226532411,0.5551577850243838,27.989876645893233
9,60,0.5768703191827044,0.6,5.635959322387147,1.2157639773315583,25.128715193805245,-0.007995929215913768,-0.02668061348566069,0.027853007377967687,0.5591609004412085,28.549037546334443
9,61,0.6015795247076171,0.6,5.652382345503884,1.164109236320463,25.131043412277887,-0.010113713364319502,0.009433927361551573,0.013830624840499663,0.5621449311474919,29.111182477481936
9,62,0.6201928699309578,0.6,5.606276952393927,1.2001292223959588,25.133443670722677,-0.01922059649661713,0.02270058792454802,0.02974471418262253,0.5495707713739735,29.660753248855908
9,63,0.6136377058603534,0.6,5.639364861388242,1.1750480723989054,25.135793766867476,-0.00735392753013218,-0.01461771323360311,0.01636330621537993,0.5421777536366572,30.202931002492566
9,64,0.6117110129978557,0.6,5.63108615785368,1.155551893381691,25.13810487065424,-0.004785087111169492,0.0025715420850068393,0.005432300374283598,0.5439487375982838,30.74687974009085
9,65,0.6251154225918757,0.6,5.671949627413846,1.1047414374833335,25.140314353529206,0.0023638446173564103,0.0065386318597946014,0.0069528028860975115,0.539985771112975,31.286865511203825
9,66,0.5988565838022069,0.6,5.64355983632366,1.17510924689593,25.142664572022998,-0.005282723902404918,-0.00398687850571624,0.006618336048311721,0.5394265090215079,31.82629202022533
9,67,0.6347585908445761,0.6,5.640895175124144,1.1423341032148902,25.144949240229426,0.00012251983852214123,-0.011275816141486449,0.011276481754848798,0.5473066642153349,32.373598684440665
9,68,0.5828843928673076,0.6,5.673743329280869,1.1368568088405169,25.147222953847105,0.012587861263110992,-0.0131093020678467,0.01817437899586613,0.5449035136715327,32.9185021981122
9,69,0.5950898169677363,0.6,5.667980102336285,1.144912895318323,25.149512779637742,-0.001387610711499348,-0.0007000236574996331,0.0015541867994957653,0.5435736964539302,33.462075894566134
9,70,0.5769270434367741,0.6,5.635149658177913,1.2235356765357461,25.151959850990814,0.012675277621541943,-0.001301703860937663,0.01274194238429691,0.5562731619882333,34.018349056554364
9,71,0.6098777684252025,0.6,5.610491922740703,1.2094560442146998,25.154378763079244,0.008165360128455056,-0.021023505754805445,0.02255351192718556,0.5646505559860341,34.5829996125404
9,72,0.6017075497507822,0.6,5.60411603865948,1.2346541430926317,25.156848071365427,-0.005347409339393549,0.005405352920141264,0.007603461503441248,0.553600692498188,35.136600305038584
9,73,0.6074187854336507,0.6,5.571961274107641,1.2820550565338797,25.159412181478494,0.02377372835760697,0.009616688942688136,0.025645094389409175,0.5696333775671557,35.70623368260574
9,74,0.5697321704748852,0.6,5.642163942126824,1.2386311492007989,25.161889443776897,-0.011876473711955304,-0.009254625126447232,0.0150565173284473,0.5576438012315788,36.26387748383732
9,75,0.583906833110482,0.6,5.644161255646548,1.2026676528343108,25.164294779082564,-0.0013266085190806777,0.009078026106262984,0.009174445386446514,0.5452606809484155,36.809138164785736
9,76,0.6031448361158327,0.6,5.646801670776866,1.167685853056825,25.166630150788677,0.006551047065269058,0.024386839965359744,0.025251419388767786,0.5410731427010532,37.35021130748679
9,77,0.5776858357649559,0.6,5.67255636253113,1.1677480648169993,25.168965646918313,-0.018363091564958144,0.01667689179248039,0.024805681842697585,0.527003674766937,37.877214982253726
9,78,0.5899149228396762,0.6,5.669057970672213,1.1245921855256942,25.171214831289365,-0.004419745691105422,0.006837660363672266,0.00814172900697264,0.5276949425658699,38.4049099248196
9,79,0.5640440991203923,0.6,5.724344454652718,1.1115549623189933,25.173437941214004,-0.006793271702301309,0.012995124117363104,0.014663621355141434,0.53085527101862,38.93576519583822
9,80,0.5967332710386329,0.6,5.660438268066972,1.1710753675035377,25.17578009194901,0.014703914765880106,0.0012985438967279214,0.014761142425096926,0.5409357726377206,39.476700968475946
9,81,0.5950641967112918,0.6,5.641705506737825,1.1787270043487434,25.17813754595771,-0.02133681657344886,0.007015071289399194,0.022460431133091697,0.5231614155691252,39.99986238404507
9,82,0.6063167039031221,0.6,5.694098089018584,1.0723089022547605,25.18028216376222,-0.004922083781903065,-0.01226760296786287,0.013218206812317284,0.5198582452164866,40.51972062926156
9,83,0.5835675564419573,0.6,5.720317404030603,1.0754558992399716,25.182433075560702,0.0043834797940021705,0.002768119254448891,0.005184339814409931,0.5187660395617555,41.03848666882332
9,84,0.554041531480775,0.6,5.7120865947836785,1.1188518202260216,25.184670779201156,-0.0012438430296083953,0.0009864636328794196,0.0015875314111220141,0.508043728988396,41.546530397811715
9,85,0.5813632441181863,0.6,5.702095792524243,1.113288825726647,25.186897356852608,-0.008839363300717343,0.01822392511295202,0.020254525175489844,0.4961327143411094,42.04266311215282
9,86,0.5564509651617089,0.6,5.732538916819459,1.0838280822554365,25.189065013017117,-0.0004320390200583913,0.0006693232845293022,0.000796650095127157,0.4944652654268369,42.53712837757966
9,87,0.558312930951659,0.6,5.669368095907177,1.1847251541465704,25.19143446332541,0.03125913484567974,0.00567916501666908,0.031770842396558314,0.5119528431356385,43.0490812207153
9,88,0.6270351821569315,0.6,5.639710129213291,1.1469133787821237,25.193728290082976,-0.02144283241986924,-0.0020583963066449842,0.021541403332694112,0.49637082956564593,43.54545205028095
9,89,0.6294577999282848,0.6,5.660872310943858,1.1001403903520424,25.195928570863682,-0.0027262427879932057,0.005443555599003372,0.006088078292739502,0.5051697865742728,44.05062183685522
9,90,0.6134559631334905,0.6,5.703136993292968,1.0902452744957263,25.198109061412673,-0.028415650927511055,0.003161602003964773,0.02859099412167464,0.4961301097409545,44.546751946596174
9,91,0.6097772653091128,0.6,5.701866086381003,1.0764815972071538,25.20026202460709,0.005945483691912718,-0.0033746399812687802,0.006836444348780865,0.48791373656960857,45.034665683165784
9,92,0.6138356838900128,0.6,5.691756301113546,1.0794347933913209,25.20242089419387,0.01346351434574942,-0.010761878494179625,0.01723613202727591,0.49298866150754184,45.52765434467332
9,93,0.568580325113849,0.6,5.7248521115470075,1.071137356062803,25.204563168905995,-0.005637653499691161,-0.0036539270656578845,0.006718208093214086,0.48244006991464367,46.01009441458797
9,94,0.5888075758545895,0.6,5.714534276277045,1.0637930239893267,25.206690754953975,0.003917407824375606,-0.002336222320261848,0.004561142268354373,0.4864800274923027,46.496574442080274
9,95,0.6043712207128716,0.6,5.698308084163711,1.0643302637098475,25.208819415481393,0.005045035932844541,0.006389125860178382,0.00814084251296466,0.48902052795614814,46.98559497003642
9,96,0.622130407762977,0.6,5.734338708888705,1.0297270328188777,25.21087886954703,0.009422705729169974,-0.016622199437915836,0.019107194912189027,0.4927801007421188,47.47837507077854
9,97,0.5827405446873024,0.6,5.729748374498876,1.0518136105927545,25.212982496768216,0.016847264206196113,0.00537852533036873,0.01768498928364942,0.4879856356545678,47.96636070643311
9,98,0.5759230321867715,0.6,5.6884291782792635,1.1108053339065598,25.21520410743603,0.0045856479560342795,-0.006392866782525532,0.00786745911179713,0.49651351075054956,48.46287421718365
9,99,0.5790985435657667,0.6,5.732568129511362,1.0521366859375054,25.217308380807903,-0.006676673041148546,-0.0007763974165319885,0.0067216631756431625,0.49748909530153457,48.960363312485185
10,0,0.5880657296550549,0.6,6.049215306709106,0.5213176016874272,25.001042635203376,0.06214685056748591,0.011201286302573402,0.06314823711149538,0.06575670312244254,0.06575670312244254
10,1,0.534913596633543,0.6,6.036793047128614,0.5820597370771263,25.00220675467753,0.04910711581129262,0.014651508867681767,0.05124622459658334,0.12252647527561723,0.18828317839805978
10,2,0.5701818691537698,0.6,5.969019404324642,0.6482502438590995,25.00350325516525,0.05010898975065056,0.00624609211760654,0.05049677732858236,0.1698252354076923,0.3581084138057521
10,3,0.5805634752029664,0.6,5.954946555001759,0.6981615878953501,25.00489957834104,0.050211724177927554,-0.008447571011295172,0.05091737130794508,0.2121172491410186,0.5702256629467707
10,4,0.6076842777122698,0.6,5.896692867955339,0.7401644603673544,25.006379907261774,0.039495729887917067,0.002218795730087642,0.039558004675048525,0.2521469686123816,0.8223726315591523
10,5,0.5622787731579117,0.6,5.816486585993545,0.9486138915100379,25.008277135044793,0.06330395128198346,-0.0035549170359455234,0.06340368824480316,0.30777120489482185,1.1301438364539742
10,6,0.5760665458370746,0.6,5.8488721258935215,0.8583045401216786,25.009993744125037,0.026610787187861425,0.002203360846408324,0.026701850006640646,0.3373562046962253,1.4675000411501995
10,7,0.5963864819126752,0.6,5.7708181735776085,0.9495100286324407,25.011892764182303,0.008014464476300907,-0.008934810940078693,0.012002603358306857,0.3679704259192484,1.835470467069448
10,8,0.6235510256617327,0.6,5.800047920407144,0.8885316752930175,25.01366982753289,0.01388678278280548,-0.001371530862502669,0.013954348174086098,0.3846062302948489,2.2200766973642967
10,9,0.5823143575518538,0.6,5.775929216754081,0.9475837807032375,25.015564995094298,0.005904197647750363,-0.013283783806818435,0.014536796830457272,0.3982827635422362,2.618359460906533
10,10,0.5349212294468687,0.6,5.858271140412604,0.8989376461788591,25.017362870386656,0.001971077201186836,-0.007853214187536765,0.008096796799251372,0.4044425151946738,3.0228019761012064
10,11,0.6290478225342999,0.6,5.798162393219981,0.8880459514246107,25.019138962289503,0.011105131959988213,-0.001203246746459805,0.011170127957262521,0.4023527494502687,3.425154725551475
10,12,0.6061633238533389,0.6,5.844748095012756,0.8640783555714545,25.020867119000645,0.004712860205290622,0.004651074651821047,0.006621445969833495,0.4115743790439355,3.8367291045954106
10,13,0.5698911759779983,0.6,5.801269237603595,0.9657699002682217,25.022798658801182,0.015100754120234698,0.0012852182787601448,0.015155347604850388,0.42653950097839255,4.263268605573803
10,14,0.6205829383725578,0.6,5.7460543286182215,1.0009125768884235,25.02480048395496,0.02653666158600668,-0.005621861897470773,0.02712562882818528,0.44512340190427513,4.708392007478078
10,15,0.6188424182028833,0.6,5.704186606760995,1.087443093639636,25.02697537014224,0.020775887532542895,0.0024408513117365298,0.02091877763854469,0.4625505644446252,5.170942571922703
10,16,0.5746463473340945,0.6,5.793276047640314,0.9621883040856846,25.02889974675041,-0.004717621580150029,0.005640015094912125,0.0073529397960498686,0.4654807625799872,5.63642333450269
10,17,0.5891390982421973,0.6,5.727063843283607,1.046262672072964,25.030992272094558,0.009888590373606836,-0.014764998993887515,0.01777046467784366,0.47279339324586794,6.109216727748558
10,18,0.6130085538248977,0.6,5.686179466619722,1.1051373382545868,25.03320254677107,0.01742790517715339,-0.006546210377781313,0.018616786757494477,0.48991035910461556,6.599127086853174
10,19,0.5720603688021598,0.6,5.669052227977776,1.1750223570196838,25.035552591485107,0.017894799139409355,-0.00982235302595302,0.020413291140976123,0.5107836143638953,7.1099107012170695
10,20,0.6040741570698186,0.6,5.684866131377879,1.0877242064808914,25.03772803989807,-0.0029343859916560163,-0.010594494269300805,0.010993358448184734,0.5064870005747749,7.616397701791844
10,21,0.5585850928473022,0.6,5.7194009401476205,1.1122739613657608,25.039952587820803,-0.00505001831015172,-0.005534931727535469,0.007492539900550841,0.5150285611255242,8.131426262917369
10,22,0.5970313189201372,0.6,5.659222658924602,1.132811463851917,25.04221821074851,0.0015717536059904075,0.0033949014052628073,0.003741091411526753,0.5250730707118498,8.656499333629219
10,23,0.5834502059229101,0.6,5.635693262546259,1.2226098838411108,25.04466343051619,0.022808960274805275,0.004046718508340268,0.023165159172848105,0.5414336030258955,9.197932936655114
10,24,0.612173157304683,0.6,5.6725190551603655,1.1236112232435058,25.04691065296268,-0.0024110816948613653,0.01817658689892473,0.018335801761402683,0.5470774127947539,9.745010349449869
10,25,0.551209850717169,0.6,5.623610133434818,1.2694315532706477,25.04944951606922,0.023131177446651878,0.002478752676683827,0.02326361074512432,0.5606354661995149,10.305645815649383
10,26,0.5989654804676204,0.6,5.557830798722257,1.3011765212062125,25.052051869111633,0.005820308181272367,0.0016930809789115037,0.006061560073622795,0.5763976379152895,10.882043453564673
10,27,0.6134360558576021,0.6,5.615000630142069,1.204578732288235,25.05446102657621,-0.014972601513320298,0.010485463571384327,0.018279052009978772,0.5694407313543967,11.45148418491907
10,28,0.6145925187459017,0.6,5.591265055885966,1.230510706967404,25.056922047990145,-0.0037343372987791302,-0.0096360938418961,0.010334388205930767,0.5646808729970392,12.016165057916108
10,29,0.6021243707582954,0.6,5.623231173909567,1.1957426568482716,25.059313533303843,-0.007982134540243577,0.0018280222080542278,0.008188781167651813,0.5608664593778252,12.577031517293934
10,30,0.6313095804387581,0.6,5.581260807830584,1.2184438002783586,25.0617504209044,-0.005968667972835335,-0.0035617556944877605,0.0069506187492313415,0.5563856398545086,13.133417157148443
10,31,0.6329840579843362,0.6,5.594093155807779,1.2041259459024407,25.064158672796204,-0.010679686830251696,-0.005389942393258932,0.011962741734021568,0.5467333559325609,13.680150513081005
10,32,0.64701395284129,0.6,5.612126644614731,1.1514118870557222,25.066461496570316,-0.006076249769320433,0.00512541484642314,0.007949257110390967,0.5392761620412511,14.219426675122255
10,33,0.5918469319243557,0.6,5.681238424179219,1.1344404691426662,25.0687303775086,0.005067499200843393,0.004247358160108571,0.006612079815821138,0.5333373470884817,14.752764022210737
10,34,0.571581683714266,0.6,5.664284302135305,1.1897242868839981,25.07110982608237,0.003589508373680831,0.00013150033812432574,0.003591916299644469,0.5433760418453608,15.296140064056098
10,35,0.5888258472918755,0.6,5.666252137257839,1.1688932517898656,25.07344761258595,0.00024508611436913335,0.021577014296899736,0.021578406177752613,0.5486636776918712,15.84480374174797
10,36,0.6092719627707223,0.6,5.636490946861972,1.1607847564165503,25.075769182098785,-0.004071808921389981,0.018592057914285656,0.01903271513422252,0.5481044532358436,16.392908194983814
10,37,0.6263826968884141,0.6,5.604946151934633,1.1937971684577338,25.0781567764357,-0.004040885252049476,-0.0067619621991686155,0.00787736544811882,0.5543652863869452,16.94727348137076
10,38,0.5879532820827514,0.6,5.652869969212712,1.2123313803147602,25.08058143919633,0.010853933676427289,0.0007243496402225746,0.010878076974059936,0.5633687135184446,17.510642194889204
10,39,0.5895976999972783,0.6,5.641688027732169,1.1961880997794838,25.08297381539589,-0.009788729055819338,0.0025672943969786287,0.010119793330350162,0.56522219789966,18.075864392788866
10,40,0.5927363389671535,0.6,5.626699497920138,1.203687417438647,25.085381190230766,0.011273125316944216,0.0015716735965705948,0.011382157629627425,0.5704686929293562,18.646333085718222
10,41,0.5650189749273661,0.6,5.650408507997487,1.2390402912239697,25.087859270813215,0.010686789994829197,0.01086236517395448,0.015238059507887498,0.5752701827687525,19.221603268486973
10,42,0.5797119023226804,0.6,5.6375327815995195,1.2292655276450164,25.090317801868505,0.029957203625110045,-0.01747250016410555,0.03468028706658834,0.5768097129475883,19.798412981434563
10,43,0.5835806826160381,0.6,5.655050040980913,1.1965461544897604,25.092710894177483,-0.012896357804710133,0.00798761616956825,0.015169642602891345,0.5714016344254422,20.369814615860005
10,44,0.6189850553125597,0.6,5.5925743659699645,1.2455728999461742,25.095202039977377,-0.010126485212806584,0.005389986042721031,0.01147160199387679,0.5713454695539161,20.94116008541392
10,45,0.6321435420425718,0.6,5.606052096136724,1.1715790438218217,25.09754519806502,0.008185138337690955,0.000392058768412628,0.008194522541614457,0.5697119015333877,21.510871986947308
10,46,0.601031817266736,0.6,5.6078743574456835,1.2510345665985363,25.100047267198217,-0.006661645653823716,0.025369141980242066,0.026229199142001815,0.5585791239824339,22.06945111092974
10,47,0.5600653533984027,0.6,5.655930052683841,1.1927772328675865,25.102432821663953,0.008830429048524376,-0.003787364472231136,0.009608361297668908,0.56452645151134,22.633977562441082
10,48,0.6130590213329823,0.6,5.558123076881538,1.2946201171455543,25.105022061898243,0.0032954557786257013,0.018474140198233905,0.018765763636284013,0.5809036184684975,23.21488118090958
10,49,0.6146544191341909,0.6,5.601363116328018,1.2267542444188384,25.10747557038708,-0.0012258301565159766,0.019265546353139578,0.019304505584386088,0.5805142571913321,23.79539543810091
10,50,0.5958915712156441,0.6,5.595179256314484,1.2410690116437482,25.109957708410366,-0.014054497093395915,0.00853636977085088,0.016443798144375615,0.5677454160600014,24.363140854160914
10,51,0.597908097120299,0.6,5.640651576853205,1.197394425221532,25.112352497260808,-0.009231822229054129,-0.024123617003659833,0.02582973942973726,0.5636933576151407,24.926834211776054
10,52,0.6048628401683278,0.6,5.598435132067723,1.221293969266595,25.11479508519934,0.0011977143245035411,7.131192095024282e-05,0.0011998354025409433,0.5628541088808416,25.489688320656896
10,53,0.6065056661091512,0.6,5.635786509499874,1.1848643224031181,25.117164813844145,0.0012618822464849767,-0.010829602868429482,0.010902873249372847,0.5596981939723321,26.049386514629226
10,54,0.6207318630513856,0.6,5.592088260278363,1.2419053426605358,25.119648624529464,0.010711904065501708,-0.003599655096528709,0.011300548903592122,0.5706854404415327,26.62007195507076
10,55,0.6037299692823478,0.6,5.631221848983409,1.2040608426928228,25.12205674621485,-0.0179613597177859,0.011303802213095928,0.02122230871947005,0.570987536649902,27.19105949172066
10,56,0.5907435362014808,0.6,5.647458306108614,1.217481511375556,25.1244917092376,-0.011671793984020112,0.010151197604421423,0.01546860005331508,0.5730464881956929,27.764105979916355
10,57,0.6152647122894457,0.6,5.565958078680051,1.2541212480784463,25.126999951733755,0.007909806744726964,-0.008996278029049506,0.011979067622936563,0.5783890339167174,28.342495013833073
10,58,0.5621392062201266,0.6,5.650543381386053,1.2400934947750522,25.129480138723306,0.00781800880355879,0.0017020940078085038,0.008001149021480624,0.5766823764558974,28.91917739028897
10,59,0.6320094088459358,0.6,5.547551149659613,1.2961222644082104,25.132072383252122,0.0031485504467749607,-0.013007977745943177,0.013383603959877166,0.5884129869417318,29.5075903772307
10,60,0.592599910650227,0.6,5.579592762275576,1.3120769779648436,25.13469653720805,0.0035106962400941067,-0.016009552771594316,0.016389959366535176,0.6015535591856923,30.10914393641639
10,61,0.5770999455814805,0.6,5.54596652084288,1.388905144281161,25.137474347496614,0.029855596693669155,0.017125695874904406,0.03441868842845041,0.6189715762899546,30.728115512706346
10,62,0.5981883107831331,0.6,5.57442159101472,1.29573195315198,25.140065811402916,-0.030987421773564568,-0.009509128336917663,0.03241363648066588,0.6145843736935397,31.342699886399885
10,63,0.5930191814695986,0.6,5.578447793737816,1.294478055080686,25.14265476751308,-0.018984914780958366,0.0012304320400459447,0.019024745786617572,0.6159323299606082,31.958632216360492
10,64,0.596998513665776,0.6,5.596540519031527,1.2675222107201183,25.145189811934518,-0.004863726376941938,-0.0012367353889281341,0.0050185006418240075,0.616476367846374,32.575108584206866
10,65,0.629615557807248,0.6,5.529849016524025,1.335872733815937,25.14786155740215,0.01833811485824219,-0.008167612979935446,0.020074769197778914,0.6231989753581667,33.19830755956503
10,66,0.5978550645058774,0.6,5.574370939108094,1.3122364141009653,25.15048603023035,-0.003611680434075562,0.007123593339938374,0.007986852798862553,0.613696980702695,33.81200454026772
10,67,0.6375869056446564,0.6,5.526472877225489,1.3088313169237549,25.1531036928642,-0.004061479888755265,0.01095313440084675,0.011681899335714889,0.5994783268214089,34.411482867089134
10,68,0.6090708415151886,0.6,5.597232524153268,1.267489825874435,25.15563867251595,-0.023073361559790576,0.00742420369206819,0.024238374824441928,0.5955296525965158,35.00701251968565
10,69,0.5941667339802817,0.6,5.616900127309972,1.2428456890482829,25.158124363894046,-0.011432393760731237,0.005221378930442614,0.012568310349274345,0.5925943126607651,35.59960683234642
10,70,0.6040124262153176,0.6,5.57396432265736,1.3017001566982238,25.160727764207444,-0.010037569452712383,-0.004545456740798453,0.01101880109179283,0.5973809434834659,36.19698777582988
10,71,0.5559017157506229,0.6,5.620873656132031,1.2721256894678254,25.16327201558638,-0.012550849695561925,-0.00045379208980021436,0.01255905073408624,0.5879201107801876,36.78490788661007
10,72,0.592406441006725,0.6,5.613335019544496,1.2651340165502978,25.16580228361948,-0.00688760280157324,-0.001054088204752318,0.006967795511898832,0.5840699108788417,37.36897779748891
10,73,0.6203640264559883,0.6,5.572336546462817,1.2688141559713977,25.168339911931422,-0.014272977808195125,0.010728235345840173,0.017855333353061907,0.5909006033902983,37.959878400879205
10,74,0.5868884389564095,0.6,5.547603572415935,1.3665468108114254,25.171073005553044,0.007848762341405748,0.013495306297680039,0.015611737967313938,0.609123390179042,38.56900179105825
10,75,0.6059049135547607,0.6,5.53792456712807,1.3416745088034299,25.17375635457065,-0.00964597760123629,0.004102476437631033,0.010482137034253559,0.5994129438595889,39.16841473491784
10,76,0.566433062164566,0.6,5.618598063055036,1.2594153375417636,25.176275185245732,-0.012541953504598169,-0.008864627247909975,0.015358457408082697,0.5936948919009342,39.76210962681877
10,77,0.6062587374724442,0.6,5.601824948607654,1.2400419219796919,25.17875526908969,0.009099617086410437,0.007978639386622782,0.012102136901434437,0.5932597133862545,40.35536934020502
10,78,0.6272090117788908,0.6,5.586092871308626,1.244175128159268,25.18124361934601,0.0007876771861705012,-0.02439409243564224,0.02440680604069839,0.5922323353986225,40.94760167560364
10,79,0.577915258331928,0.6,5.635112794157968,1.2244170330854183,25.18369245341218,-0.009474289433709236,-0.005054681365170316,0.010738340839119166,0.5895349787800107,41.53713665438365
10,80,0.5834782027134547,0.6,5.611039571271575,1.2493445712397373,25.186191142554662,-0.004830399692949799,-0.010447676595820372,0.011510287027025098,0.5730212712556841,42.110157925639335
10,81,0.6203575146783862,0.6,5.599448670911093,1.2126639583035292,25.18861647047127,-0.0031491449662051025,7.225832547437371e-05,0.003149973854459001,0.5763548517921251,42.68651277743146
10,82,0.5541123635185567,0.6,5.660096642439882,1.2320188124997744,25.19108050809627,0.014598572999986561,-0.0007721864164554071,0.014618981000661259,0.5830785884847665,43.26959136591623
10,83,0.6111170412620452,0.6,5.593002226310983,1.2378314749058834,25.193556171046083,0.0028385742139677627,0.001674236956291259,0.003295538340546825,0.5856773952742224,43.85526876119045
10,84,0.6179787756188438,0.6,5.587647053591217,1.2278666068445663,25.196011904259773,-0.008334983007633278,0.0004305687415106708,0.008346096763080426,0.5832893620680596,44.43855812325851
10,85,0.5583809523634597,0.6,5.632410607172987,1.2547650831215693,25.198521434426016,0.017302072727620486,0.004915170062268079,0.017986678887801522,0.5887099326393201,45.02726805589783
10,86,0.5887003320341508,0.6,5.640536423595338,1.1975611093183143,25.200916556644653,0.0034509537753991764,-0.01413693396536729,0.014552043976744202,0.5898482793507456,45.617116335248575
10,87,0.5735885192640963,0.6,5.632297829217875,1.2420437082942302,25.20340064406124,-0.023901151956634545,0.002827370540168409,0.024067801915121943,0.5850229459394028,46.202139281187975
10,88,0.6144505659431555,0.6,5.537530340284235,1.3292456324982644,25.206059135326235,0.0023675575818598513,0.0014604340985342576,0.0027817614311050538,0.6014731894489863,46.80361247063696
10,89,0.596569247373567,0.6,5.594116903823161,1.2528796849537402,25.208564894696142,-0.0068578315220822784,-0.007427643976809857,0.010109389112676646,0.5997770824041354,47.4033895530411
10,90,0.6129007019703311,0.6,5.578441939544742,1.26972876036125,25.211104352216864,0.007414052894843929,0.017623431195383326,0.019119453638269945,0.6024604279093164,48.005849980950416
10,91,0.6185180881173656,0.6,5.53953123254341,1.3157677718885925,25.21373588776064,-0.0031258444253008597,0.006593571594968435,0.00729699182877157,0.6112055082031982,48.617055489153614
10,92,0.6160930215023783,0.6,5.542529153137505,1.309535894343337,25.216354959549328,-0.0021956814955606642,-0.006265270449478639,0.006638872723215726,0.6069485287139229,49.224004017867536
10,93,0.5772842625803114,0.6,5.522871041532529,1.4130001733464077,25.219180959896022,0.002325540124332951,-0.0031066758746557542,0.003880666419579324,0.6201753438435512,49.844179361711085
10,94,0.6258053539915104,0.6,5.5480605667535725,1.2920943500910256,25.221765148596205,-0.008549616134352667,0.0030328375886970104,0.009071606246095393,0.6165251809549026,50.46070454266599
10,95,0.6015412924271735,0.6,5.50520594849644,1.4057197961621357,25.22457658818853,0.02292165865877881,-0.0006535903409121929,0.02293097503385548,0.6394026268173466,51.10010716948333
10,96,0.5949492824933994,0.6,5.563295825005601,1.3108269626868472,25.227198242113904,-0.012494114182872069,-0.0034620333627221945,0.012964897385604197,0.6378007247334655,51.7379078942168
10,97,0.5922003835476901,0.6,5.549769170234325,1.340325438326312,25.229878892990556,-0.020163856929236654,0.0075498707710001745,0.02153094691186451,0.6155665800750324,52.35347447429183
10,98,0.5899959889751105,0.6,5.53605357987965,1.3793174131522168,25.23263752781686,0.025485148556458,-0.00831492399258239,0.02680728926891258,0.6276041246618544,52.98107859895369
10,99,0.5891928527389254,0.6,5.577584434312584,1.299112563515968,25.23523575294389,-0.0029056863347559168,0.0028651827048749054,0.0040807211382672985,0.6207639940220874,53.60184259297577
